-- phpMyAdmin SQL Dump
-- version 5.1.1
-- https://www.phpmyadmin.net/
--
-- Host: 127.0.0.1
-- Tempo de geração: 13-Out-2021 às 18:59
-- Versão do servidor: 10.4.21-MariaDB
-- versão do PHP: 8.0.11

SET SQL_MODE = "NO_AUTO_VALUE_ON_ZERO";
START TRANSACTION;
SET time_zone = "+00:00";


/*!40101 SET @OLD_CHARACTER_SET_CLIENT=@@CHARACTER_SET_CLIENT */;
/*!40101 SET @OLD_CHARACTER_SET_RESULTS=@@CHARACTER_SET_RESULTS */;
/*!40101 SET @OLD_COLLATION_CONNECTION=@@COLLATION_CONNECTION */;
/*!40101 SET NAMES utf8mb4 */;

--
-- Banco de dados: `bluebird`
--

-- --------------------------------------------------------

--
-- Estrutura da tabela `alimentar_recomendada`
--

CREATE TABLE `alimentar_recomendada` (
  `aliment_rec_id` int(11) NOT NULL,
  `aliment_rec_esp_id` int(11) NOT NULL,
  `aliment_rec_comida` text NOT NULL
) ENGINE=InnoDB DEFAULT CHARSET=utf8mb4;

--
-- Extraindo dados da tabela `alimentar_recomendada`
--

INSERT INTO `alimentar_recomendada` (`aliment_rec_id`, `aliment_rec_esp_id`, `aliment_rec_comida`) VALUES
(10, 1, '<p>- CUIDAR AINDA MELHOR: DICAS B&Aacute;SICAS SOBRE LEGUMES, VERDURAS E FRUTAS</p>\r\n<p>Uma alimenta&ccedil;&atilde;o equilibrada e variada refor&ccedil;a o sistema imunit&aacute;rio e previne doen&ccedil;as. O sucesso para ter uma ave saud&aacute;vel passa, assim, entre diversos aspetos ligados a um correto maneio, pela oferta de uma alimenta&ccedil;&atilde;o variada e equilibrada que inclua legumes, verduras e frutas.&nbsp;</p>\r\n<p>Ricos em vitaminas, minerais e fibras, a ingest&atilde;o destes alimentos traz grandes benef&iacute;cios &agrave; sa&uacute;de das nossas aves. Mas o consenso &eacute; comum entre veterin&aacute;rios, reconhecidos avicultores e outras entidades ligadas a aves: apesar da fruta ser um importante alimento na dieta dos psitaciformes, a quantidade de legumes e verduras oferecidos dever&aacute; ser superior &agrave; quantidade de fruta, n&atilde;o s&oacute; pelo seu valor nutricional, mas tamb&eacute;m pelo facto da fruta possuir a&ccedil;&uacute;car na sua composi&ccedil;&atilde;o. Mesmo na natureza, tal como refere o reconhecido avicultor Tony Silva, os psitaciformes tendem a comer fruta num estado mais verde e logo com menor &iacute;ndice de a&ccedil;&uacute;car (facto que, n&atilde;o s&oacute; &eacute; ben&eacute;fico para a sua sa&uacute;de, como tamb&eacute;m lhes permite eliminar a concorr&ecirc;ncia com outros animais no que toca a acesso a estes alimentos).</p>\r\n<p>Ao longo deste artigo iremos falar sobre estes e outros aspetos, que nos poder&atilde;o ajudar nas melhores escolhas de legumes, verduras e frutas a oferecer aos nossos amigos de penas.</p>\r\n<p>???? ESCOLHER E PREPARAR LEGUMES, VERDURAS E FRUTAS &raquo; considera&ccedil;&otilde;es gerais</p>\r\n<p>✅ Preferir frutas, legumes e verduras da &eacute;poca e, se poss&iacute;vel, de origem biol&oacute;gica (diminuindo, assim, eventual contacto com agrot&oacute;xicos)</p>\r\n<p>✅ Desconhecendo-se a sua origem, ter o cuidado de descascar ou tirar as folhas externas por forma a reduzir o risco de contacto com eventuais agrot&oacute;xicos&nbsp;</p>\r\n<p>✅ Lavar cuidadosamente as frutas, legumes e verduras e, no final, escorrer e secar antes de os disponibilizar</p>\r\n<p>✅ Selecionar e preparar um &ldquo;menu&rdquo; com diversidade de vegetais e fruta, criando, assim, uma oferta colorida (por exemplo: milho, pimento vermelho, br&oacute;colos e ma&ccedil;&atilde;)</p>\r\n<p>???? NO MOMENTO DE OFERTA DOS LEGUMES, VERDURAS E FRUTAS</p>\r\n<p>✅ Disponibilizar os legumes, verduras e frutas apenas durante algumas horas, tendo o cuidado de n&atilde;o os deixar de um dia para o outro no interior da gaiola. N&atilde;o se esque&ccedil;a que estes alimentos s&atilde;o perec&iacute;veis. No caso particular da fruta, lembre-se que a mesma tem tend&ecirc;ncia a oxidar. Especial aten&ccedil;&atilde;o no ver&atilde;o, e em particular nos dias de muito calor, uma vez que este tipo de alimentos estraga-se mais rapidamente, pelo que nesta &eacute;poca do ano &eacute; aconselh&aacute;vel reduzir, ainda mais, o per&iacute;odo de disponibiliza&ccedil;&atilde;o destes alimentos</p>\r\n<p>✅ Garantir que a zona onde disponibiliza os legumes e frutas n&atilde;o esteja ao sol. Desta forma evita-se a sua r&aacute;pida detiora&ccedil;&atilde;o ou fermenta&ccedil;&atilde;o (no caso das frutas) e a consequente atra&ccedil;&atilde;o de mosquitos ou outros insetos (como, por exemplo, vespas caso a gaiola esteja no exterior)</p>\r\n<p>✅ Incentivar o enriquecimento ambiental, escondendo legumes ou verdes (por exemplo nos brinquedos), pendurando-os no topo da gaiola ou fazendo espetadas com estes alimentos</p>\r\n<p>✅ Variar a sua apresenta&ccedil;&atilde;o (triturar grosseiramente, ralar, cortar em peda&ccedil;os grandes ou em peda&ccedil;os pequenos, s&atilde;o algumas das possibilidades)</p>\r\n<p>???? QUANTIDADES A FORNECER&nbsp;</p>\r\n<p>✅ A oferta de fruta, legumes e verduras dever&aacute; reger-se de acordo com o peso da ave. Entidades como a Fundacion Kakatuwah AC indicam como refer&ecirc;ncia 20% do peso da ave. Logo, a dose adequada para uma ave que pese 100g ser&aacute;, aproximadamente, 20g de vegetais ou de mistura de legumes e fruta.&nbsp;</p>\r\n<p>???? QUE LEGUMES E VERDURAS POSSO DAR?&nbsp;</p>\r\n<p>????&nbsp; lista de alguns exemplos ????</p>\r\n<p>✅ Alcachofra, alho franc&ecirc;s (bulbo e parte clara da folha pr&oacute;xima do bulbo), br&oacute;colo, cenoura, curgete, couve (ex.: lombarda, roxa, couve de bruxelas, repolho), ervilha, fava, feij&atilde;o verde, milho (cozido), nabo (talos e parte subterr&acirc;nea), pepino, pimento verde e chili verde, pimento vermelho, rabanete.</p>\r\n<p>???? &Eacute;, ainda, permitido oferecer com pouca frequ&ecirc;ncia: abobora (s&oacute; cozida), acelga, agri&atilde;o, aipo, couve flor (s&oacute; cozida), espinafres, beterraba (s&oacute; cozida), tomate (sem sementes, sem caule e sem folhas).</p>\r\n<p>❎ Nunca oferecer: alho e cebola ⚠️????⚠️????</p>\r\n<p>Dica importante a ter em conta:</p>\r\n<p>✅ Ofere&ccedil;a os legumes e vegetais crus, n&atilde;o s&oacute; porque na natureza &eacute; assim que as aves os encontram, mas tamb&eacute;m porque, ao serem cozidos em &aacute;gua, a maioria dos legumes e verduras tende a perder nutrientes. Exce&ccedil;&otilde;es aos legumes acima assinalados como, por exemplo, a batata doce e a abobora, cuja cozedura ligeira &eacute; indicada como forma de quebrar as fibras e, assim, libertar os seus nutrientes</p>\r\n<p>???? QUE FRUTAS POSSO DAR?&nbsp;</p>\r\n<p>???? lista de alguns exemplos ????</p>\r\n<p>✅ Ameixa (fresca ou seca), amora, anan&aacute;s, banana, cereja, coco (fresco ou ralado), damasco (fresco ou seco), figo (fresco ou seco e com modera&ccedil;&atilde;o), framboesa, goiaba, groselha preta, groselha vermelha, kiwi, laranja, lima, lim&atilde;o, ma&ccedil;&atilde;, mandarina / tangerina, manga, maracuj&aacute;, marmelo, melancia, mel&atilde;o, mirtilo, morango, nectarina, n&ecirc;spera, papaia, p&ecirc;ra, p&ecirc;ssego (fresco ou seco), rom&atilde;, toranja, uva (fresca ou seca)</p>\r\n<p>❎ Nunca oferecer abacate&nbsp; ⚠️ ???? ⚠️</p>\r\n<p>Dicas importantes a ter em conta:</p>\r\n<p>✅ Ofere&ccedil;a fruta crua e, preferencialmente, pouco madura. A absor&ccedil;&atilde;o do a&ccedil;&uacute;car presente na fruta aumenta de acordo com o seu grau de matura&ccedil;&atilde;o, sendo que, quer a fruta muito madura, quer a fruta cozida aumentam os n&iacute;veis de a&ccedil;&uacute;car absorvidos</p>\r\n<p>❎ Nunca oferecer as sementes e os caro&ccedil;os de damasco, p&ecirc;ssego, nectarina, cereja, ameixa, ma&ccedil;&atilde; e p&ecirc;ra (ao serem mastigados os caro&ccedil;os e sementes destas frutas libertam pequenas quantidades de cianeto)</p>\r\n<p>Lembre-se: uma dieta equilibrada e variada poder&aacute; ser a chave para a sa&uacute;de das nossas aves. Acrescente &agrave; base da sua alimenta&ccedil;&atilde;o a oferta de fruta e, principalmente, de legumes e verduras, alimentos altamente nutritivos e portadores de vitaminas, minerais e fibra, t&atilde;o importantes para manter as nossas aves saud&aacute;veis. As nossas aves agradecem.</p>'),
(11, 2, '<p>A base da alimenta&ccedil;&atilde;o dos periquitos australianos</p>\r\n<p>A ra&ccedil;&atilde;o base para periquitos australianos que encontra &agrave; venda, cont&eacute;m milho pain&ccedil;o, alpista e aveia descascada. Isso significa que o seu periquito satisfaz as suas necessidades de gr&atilde;os. No entanto, &eacute; muito importante que se certifique que o seu p&aacute;ssaro n&atilde;o come apenas um tipo de gr&atilde;o. N&atilde;o o mime demais, mantendo o comedouro sempre cheio. Pois, &eacute; poss&iacute;vel que o seu periquito deite fora os tipos de gr&atilde;os que gosta menos e acabe por desequilibrar a sua alimenta&ccedil;&atilde;o.</p>\r\n<p>Ervas, folhas verdes e fruta</p>\r\n<p>Os periquitos gostam muito de percorrer a casa, escalar e conversar com o que os rodeia emitindo sons variados. Por isso, gastam muita energia que precisa de ser reposta com muitas vitaminas e minerais. Assim, &eacute; importante incluir na dieta di&aacute;ria dos periquitos australianos, folhas e frutas. Pode colher folhas de plantas e trazer consigo quando vai passear. A maioria destes periquitos adora folhas jovens de dentes de le&atilde;o, erva dos passarinhos e de sabugueiro.</p>\r\n<p>Os periquitos tamb&eacute;m se entusiasmam a mordiscar casca de ramos jovens de &aacute;rvores de fruta e de &aacute;rvores de folha caduca. Com estas guloseimas, o seu amigo de penas trata do seu bico e faz exerc&iacute;cio f&iacute;sico. Al&eacute;m disso, estes pequenos p&aacute;ssaros gostam de quase todos os vegetais, verduras e frutas que as pessoas comem, como por exemplo, end&iacute;via, alface, ma&ccedil;&atilde;s, bananas, uvas e cenoura ralada. Tenha cuidado ao colher ervas na rua para dar ao seu p&aacute;ssaro, pois podem ser tratadas com pesticida ou estar polu&iacute;das com gases dos tubos de escape dos carros. Assim, deve lavar sempre a fruta, as ervas e os galhos antes de os dar ao seu passarinho, mesmo quando ele esvoa&ccedil;a excitado pela casa. Tamb&eacute;m n&atilde;o deve deixar que ele coma as plantas que tem em casa, pois podem n&atilde;o ser venenosas, mas estar tamb&eacute;m contaminadas com pesticidas.</p>\r\n<p><strong>Criar a m&atilde;o:</strong></p>\r\n<p>O primeiro passo &eacute; preparar um local para colocar seu (s) filhote (s), pode ser uma caixa destas de isopor (esferovite), desde que seja bem protegida. Mant&ecirc;-la longe do frio e das correntes de ar. 50 cm x 30 cm x 30 cm aproximadamente.</p>\r\n<p>&nbsp;Deve ser feita uma forra&ccedil;&atilde;o na caixa, recomendo a utiliza&ccedil;&atilde;o de serragem de madeira, que pode ser obtida em PetShop.</p>\r\n<p>&nbsp;A caixa deve conter furos laterais para que haja a circula&ccedil;&atilde;o de ar.</p>\r\n<p>Deve-se tamb&eacute;m arrumar uma l&acirc;mpada de 15 watts para aquecer o p&aacute;ssaro, principalmente a noite e em dias frios. A ave nesta fase &eacute; muito sens&iacute;vel, e caso esteja a sentir frio pode desenvolver doen&ccedil;as pulmonares. Deve-se improvisar uma divis&oacute;ria para que a lampada n&atilde;o fique em contato direto com as aves. Voc&ecirc; pode fazer isto facilmente, usando um caixa de papel ou papel&atilde;o (cart&atilde;o) com furos para facilitar a respira&ccedil;&atilde;o.</p>\r\n<p>Na caixa deve existir possibilidade de se deixar uma tampa ou parte dela aberta, conforme a temperatura.</p>\r\n<p>&nbsp; &nbsp; &nbsp; &nbsp; &nbsp;*De 1 a 5 dias: 36&ordm;C / 6 a 10 dias:33&ordm;C / 11 a 15 dias: 30&ordm; C / 16 a 30 dias: 27&ordm;C</p>\r\n<p>&nbsp;</p>\r\n<p>&nbsp; &nbsp; &nbsp; &nbsp; &nbsp; &nbsp;Conv&eacute;m ter um term&ocirc;metro para controlar a temperatura.</p>\r\n<p>Note que o papo do filhote foi se enchendo conforme alimentado!</p>\r\n<p>Importante: evitar contato dos p&eacute;s da ave com superf&iacute;cies frias, pode-se utilizar um pano um papel para evitar este contato. Efetuar a higiene do bico e rosto da ave ap&oacute;s a alimenta&ccedil;&atilde;o, utilizando um pano macio e levemente umedecido em &aacute;gua morna.</p>\r\n<p>Outros criadores pegam peda&ccedil;os de madeira ou pl&aacute;sticos bem finos, colocam o alimento neles e, a seguir, no bico dos filhotes. Independentemente do m&eacute;todo devemos sempre nos lembrar da delicadeza dos filhotes e procurar sempre tomar o maior cuidado poss&iacute;vel.</p>\r\n<p>Hor&aacute;rios</p>\r\n<p>Quantidade aproximada</p>\r\n<p>01 a 14 dias</p>\r\n<p>7:00 / 11:00 / 16:00 / 22:00 / 02:00</p>\r\n<p>0.5 - 1.5 - 2.5 ml</p>\r\n<p>15 a 24 dias</p>\r\n<p>7:00 / 12:00 / 17:00 / 23:00</p>\r\n<p>2.5 - 4&nbsp; ml</p>\r\n<p>25 a 34 dias</p>\r\n<p>7:00 / 19:00 / 23:00</p>\r\n<p>4 - 5 ml</p>'),
(18, 6, '<p>Antes de come&ccedil;ar o texto quero referir que &eacute; sobre dietas &agrave; base de girassol, onde o mesmo &eacute; praticamente a &uacute;nica coisa que a ave come. Girassol em quantidades controladas e inserido numa dieta variada e saud&aacute;vel, e adaptada &agrave;s aves e condi&ccedil;&otilde;es que se tem, n&atilde;o apresenta qualquer problema.&nbsp;</p>\r\n<p>As sementes de girassol sempre fizeram parte da dieta de v&aacute;rios criadores e donos de aves. Diz-se que como as comem com tanto gosto que &eacute; um alimento ideal para elas. Isso &eacute; o mesmo que dizer que alimentar uma crian&ccedil;a &agrave; base de gomas e chocolates, em vez de uma alimenta&ccedil;&atilde;o variada e saud&aacute;vel, tamb&eacute;m &eacute; o melhor para elas. H&aacute; quem diga que estas sementes sejam \"viciantes\", tanto que chegam a ignorar qualquer outro alimento em detrimento delas, no entanto isto n&atilde;o &eacute; todo correcto. &Eacute; mais que a ave gosta tanto delas que as prefere e escolhe em vez das restantes. Chegando a haver casos em que se recusam a comer outras sementes ou frutas, levando os donos a ficar com medo e pensar que elas v&atilde;o morrer &agrave; fome se n&atilde;o tiverem girassol. Sim, elas s&atilde;o assim t&atilde;o inteligentes.&nbsp;</p>\r\n<p>Muitos de n&oacute;s de certo j&aacute; viram ou ouviram casos de aves que viveram uma vida longa e normal comendo exclusivamente, ou numa maioria, estas sementes. Isto n&atilde;o quer dizer que uma dieta &agrave; base de girassol &eacute; boa de todo. Por cada caso destes ou n&atilde;o se passa nada, h&aacute; v&aacute;rios onde aves apresentam v&aacute;rios problemas resultantes de uma m&aacute; nutri&ccedil;&atilde;o.&nbsp;</p>\r\n<p>As sementes de girassol s&atilde;o ricas em vitaminas E, B1, B6 e alguns oligoelementos como magn&eacute;sio, sel&eacute;nio e ferro (alguns dos quais tamb&eacute;m podem ser prejudiciais em excesso). No entanto s&atilde;o pobres em vitamina A e c&aacute;lcio e excessivas em gordura.</p>\r\n<p>Isto quer dizer que n&atilde;o devem excluir-se da dieta mas sim oferecer com modera&ccedil;&atilde;o.&nbsp;</p>\r\n<p>Uma dieta EXCLUSIVA em sementes de girassol pode ter estes efeitos nas nossas aves:&nbsp;</p>\r\n<p>- F&iacute;gado gordo e insufici&ecirc;ncia hep&aacute;tica por excesso de l&iacute;pidos na dieta. Isto afecta bastante as caturras. Pode-se observar uma plumagem pobre e sobrecrescimento do bico em muitos casos.&nbsp;</p>\r\n<p>- Hipovitaminose A. Isto tem diversos efeitos no organismo do animal, podendo causar hiperqueratose nas narinas, bico e patas, imunossupress&atilde;o ou infertilidade. A ave &eacute; mais suscet&iacute;vel a sofrer patologias secund&aacute;rias, j&aacute; que o seu corpo n&atilde;o est&aacute; preparado para lutar contra elas.&nbsp;</p>\r\n<p>- Hipocalcemia. As sementes de girassol s&atilde;o muito baixas em c&aacute;lcio, logo teremos um problema de defici&ecirc;ncia deste mineral. Isto traduz-se em convuls&otilde;es, debilidade muscular, paralisa&ccedil;&atilde;o, debilidade &oacute;ssea (aumenta a probabilidade de surgirem fracturas) e, em caso de f&ecirc;meas, ovos presos.&nbsp;</p>\r\n<p>- Obesidade, que se torna mais frequente quando as aves fazem pouco ou nenhum exerc&iacute;cio. Ou seja, uma ave que coma uma grande quantidade de girassol e depois fique confinada a uma gaiola pequena sem espa&ccedil;o para se exercitar vai ter muito mais probabilidades de sofrer deste problema do que uma com espa&ccedil;o para se exercitar. A obesidade pode dar origem a problemas cardiovasculares (podendo causar morte s&uacute;bita), problemas hep&aacute;ticos e problemas respirat&oacute;rios.&nbsp;</p>\r\n<p>- Problemas renais, devido ao excesso de gordura nos rins.&nbsp;</p>\r\n<p>- Picagem, todas as insufici&ecirc;ncias nutricionais podem acabar em problemas de picagem e automutila&ccedil;&atilde;o.&nbsp;</p>\r\n<p>Ent&atilde;o, e ap&oacute;s vermos os v&aacute;rios problemas de uma dieta &agrave; base de girassol, o que se deve fazer para melhorar a vida das nossas aves e lhes proporcionar uma vida longa e saud&aacute;vel? Alterar a dieta. Uma boa dieta idealmente deve ser variada, sementes, frutas e verduras. Ra&ccedil;&atilde;o tamb&eacute;m &eacute; boa op&ccedil;&atilde;o.&nbsp;</p>\r\n<p>Somos n&oacute;s os respons&aacute;veis pela alimenta&ccedil;&atilde;o das nossas aves, por isso vamos lhes oferecer o melhor, &eacute; o m&iacute;nimo que merecem. Afinal, uma alimenta&ccedil;&atilde;o variada tamb&eacute;m conta como enriquecimento ambiental.</p>'),
(19, 4, '<p><strong>- CUIDAR AINDA MELHOR: DICAS B&Aacute;SICAS SOBRE LEGUMES, VERDURAS E FRUTAS</strong></p>\r\n<p>Uma alimenta&ccedil;&atilde;o equilibrada e variada refor&ccedil;a o sistema imunit&aacute;rio e previne doen&ccedil;as. O sucesso para ter uma ave saud&aacute;vel passa, assim, entre diversos aspetos ligados a um correto maneio, pela oferta de uma alimenta&ccedil;&atilde;o variada e equilibrada que inclua legumes, verduras e frutas.&nbsp;</p>\r\n<p>Ricos em vitaminas, minerais e fibras, a ingest&atilde;o destes alimentos traz grandes benef&iacute;cios &agrave; sa&uacute;de das nossas aves. Mas o consenso &eacute; comum entre veterin&aacute;rios, reconhecidos avicultores e outras entidades ligadas a aves: apesar da fruta ser um importante alimento na dieta dos psitaciformes, a quantidade de legumes e verduras oferecidos dever&aacute; ser superior &agrave; quantidade de fruta, n&atilde;o s&oacute; pelo seu valor nutricional, mas tamb&eacute;m pelo facto da fruta possuir a&ccedil;&uacute;car na sua composi&ccedil;&atilde;o. Mesmo na natureza, tal como refere o reconhecido avicultor Tony Silva, os psitaciformes tendem a comer fruta num estado mais verde e logo com menor &iacute;ndice de a&ccedil;&uacute;car (facto que, n&atilde;o s&oacute; &eacute; ben&eacute;fico para a sua sa&uacute;de, como tamb&eacute;m lhes permite eliminar a concorr&ecirc;ncia com outros animais no que toca a acesso a estes alimentos).</p>\r\n<p>Ao longo deste artigo iremos falar sobre estes e outros aspetos, que nos poder&atilde;o ajudar nas melhores escolhas de legumes, verduras e frutas a oferecer aos nossos amigos de penas.</p>\r\n<p>???? ESCOLHER E PREPARAR LEGUMES, VERDURAS E FRUTAS &raquo; considera&ccedil;&otilde;es gerais</p>\r\n<p>✅ Preferir frutas, legumes e verduras da &eacute;poca e, se poss&iacute;vel, de origem biol&oacute;gica (diminuindo, assim, eventual contacto com agrot&oacute;xicos)</p>\r\n<p>✅ Desconhecendo-se a sua origem, ter o cuidado de descascar ou tirar as folhas externas por forma a reduzir o risco de contacto com eventuais agrot&oacute;xicos&nbsp;</p>\r\n<p>✅ Lavar cuidadosamente as frutas, legumes e verduras e, no final, escorrer e secar antes de os disponibilizar</p>\r\n<p>✅ Selecionar e preparar um &ldquo;menu&rdquo; com diversidade de vegetais e fruta, criando, assim, uma oferta colorida (por exemplo: milho, pimento vermelho, br&oacute;colos e ma&ccedil;&atilde;)</p>\r\n<p>???? NO MOMENTO DE OFERTA DOS LEGUMES, VERDURAS E FRUTAS</p>\r\n<p>✅ Disponibilizar os legumes, verduras e frutas apenas durante algumas horas, tendo o cuidado de n&atilde;o os deixar de um dia para o outro no interior da gaiola. N&atilde;o se esque&ccedil;a que estes alimentos s&atilde;o perec&iacute;veis. No caso particular da fruta, lembre-se que a mesma tem tend&ecirc;ncia a oxidar. Especial aten&ccedil;&atilde;o no ver&atilde;o, e em particular nos dias de muito calor, uma vez que este tipo de alimentos estraga-se mais rapidamente, pelo que nesta &eacute;poca do ano &eacute; aconselh&aacute;vel reduzir, ainda mais, o per&iacute;odo de disponibiliza&ccedil;&atilde;o destes alimentos</p>\r\n<p>✅ Garantir que a zona onde disponibiliza os legumes e frutas n&atilde;o esteja ao sol. Desta forma evita-se a sua r&aacute;pida detiora&ccedil;&atilde;o ou fermenta&ccedil;&atilde;o (no caso das frutas) e a consequente atra&ccedil;&atilde;o de mosquitos ou outros insetos (como, por exemplo, vespas caso a gaiola esteja no exterior)</p>\r\n<p>✅ Incentivar o enriquecimento ambiental, escondendo legumes ou verdes (por exemplo nos brinquedos), pendurando-os no topo da gaiola ou fazendo espetadas com estes alimentos</p>\r\n<p>✅ Variar a sua apresenta&ccedil;&atilde;o (triturar grosseiramente, ralar, cortar em peda&ccedil;os grandes ou em peda&ccedil;os pequenos, s&atilde;o algumas das possibilidades)</p>\r\n<p>???? QUANTIDADES A FORNECER&nbsp;</p>\r\n<p>✅ A oferta de fruta, legumes e verduras dever&aacute; reger-se de acordo com o peso da ave. Entidades como a Fundacion Kakatuwah AC indicam como refer&ecirc;ncia 20% do peso da ave. Logo, a dose adequada para uma ave que pese 100g ser&aacute;, aproximadamente, 20g de vegetais ou de mistura de legumes e fruta.&nbsp;</p>\r\n<p>???? QUE LEGUMES E VERDURAS POSSO DAR?&nbsp;</p>\r\n<p>????&nbsp; lista de alguns exemplos ????</p>\r\n<p>✅ Alcachofra, alho franc&ecirc;s (bulbo e parte clara da folha pr&oacute;xima do bulbo), br&oacute;colo, cenoura, curgete, couve (ex.: lombarda, roxa, couve de bruxelas, repolho), ervilha, fava, feij&atilde;o verde, milho (cozido), nabo (talos e parte subterr&acirc;nea), pepino, pimento verde e chili verde, pimento vermelho, rabanete.</p>\r\n<p>???? &Eacute;, ainda, permitido oferecer com pouca frequ&ecirc;ncia: abobora (s&oacute; cozida), acelga, agri&atilde;o, aipo, couve flor (s&oacute; cozida), espinafres, beterraba (s&oacute; cozida), tomate (sem sementes, sem caule e sem folhas).</p>\r\n<p>❎ Nunca oferecer: alho e cebola ⚠️????⚠️????</p>\r\n<p>Dica importante a ter em conta:</p>\r\n<p>✅ Ofere&ccedil;a os legumes e vegetais crus, n&atilde;o s&oacute; porque na natureza &eacute; assim que as aves os encontram, mas tamb&eacute;m porque, ao serem cozidos em &aacute;gua, a maioria dos legumes e verduras tende a perder nutrientes. Exce&ccedil;&otilde;es aos legumes acima assinalados como, por exemplo, a batata doce e a abobora, cuja cozedura ligeira &eacute; indicada como forma de quebrar as fibras e, assim, libertar os seus nutrientes</p>\r\n<p>???? QUE FRUTAS POSSO DAR?&nbsp;</p>\r\n<p>???? lista de alguns exemplos ????</p>\r\n<p>✅ Ameixa (fresca ou seca), amora, anan&aacute;s, banana, cereja, coco (fresco ou ralado), damasco (fresco ou seco), figo (fresco ou seco e com modera&ccedil;&atilde;o), framboesa, goiaba, groselha preta, groselha vermelha, kiwi, laranja, lima, lim&atilde;o, ma&ccedil;&atilde;, mandarina / tangerina, manga, maracuj&aacute;, marmelo, melancia, mel&atilde;o, mirtilo, morango, nectarina, n&ecirc;spera, papaia, p&ecirc;ra, p&ecirc;ssego (fresco ou seco), rom&atilde;, toranja, uva (fresca ou seca)</p>\r\n<p>❎ Nunca oferecer abacate&nbsp; ⚠️ ???? ⚠️</p>\r\n<p>Dicas importantes a ter em conta:</p>\r\n<p>✅ Ofere&ccedil;a fruta crua e, preferencialmente, pouco madura. A absor&ccedil;&atilde;o do a&ccedil;&uacute;car presente na fruta aumenta de acordo com o seu grau de matura&ccedil;&atilde;o, sendo que, quer a fruta muito madura, quer a fruta cozida aumentam os n&iacute;veis de a&ccedil;&uacute;car absorvidos</p>\r\n<p>❎ Nunca oferecer as sementes e os caro&ccedil;os de damasco, p&ecirc;ssego, nectarina, cereja, ameixa, ma&ccedil;&atilde; e p&ecirc;ra (ao serem mastigados os caro&ccedil;os e sementes destas frutas libertam pequenas quantidades de cianeto)</p>\r\n<p>&nbsp;</p>\r\n<p>Lembre-se: uma dieta equilibrada e variada poder&aacute; ser a chave para a sa&uacute;de das nossas aves. Acrescente &agrave; base da sua alimenta&ccedil;&atilde;o a oferta de fruta e, principalmente, de legumes e verduras, alimentos altamente nutritivos e portadores de vitaminas, minerais e fibra, t&atilde;o importantes para manter as nossas aves saud&aacute;veis. As nossas aves agradecem.</p>\r\n<p><strong>A cria&ccedil;&atilde;o &agrave; m&atilde;o</strong> consiste em separar as crias dos pais e criar manualmente, recorrendo ao uso de papas pr&oacute;prias. Isto tem um de dois prop&oacute;sitos:&nbsp;</p>\r\n<p>- salvar uma ninhada que por algum motivo foi abandonada pelos pais, ou n&atilde;o est&atilde;o a ser bem cuidados pelos mesmos&nbsp;</p>\r\n<p>- conseguir animais d&oacute;ceis (eventualmente farei uma publica&ccedil;&atilde;o sobre o facto de criar &agrave; m&atilde;o n&atilde;o significar obrigatoriamente que as aves fiquem mansas)&nbsp;</p>\r\n<p>As crias s&atilde;o retiradas do ninho com aproximadamente 20 dias, &eacute; sempre recomendado pegar nas crias entre os 15 a 20 dias.&nbsp;</p>\r\n<p>O ideal &eacute; sempre criar no m&iacute;nimo duas ao mesmo tempo, e devem ser mantidos numa maternidade ou caixa com aquecimento, e com algo no fundo, como por exemplo pellets ou papel de cozinha (entre outros). De prefer&ecirc;ncia evitar algo que seja demasiado pequeno, pois pode ser ingerido, ou tecidos que se desfa&ccedil;am facilmente, pois as aves podem se enrolar nos fios e pode ser fatal ou causar problemas s&eacute;rios. Este fundo deve ser trocado sempre que necess&aacute;rio, por quest&otilde;es de higiene e sa&uacute;de.&nbsp;</p>\r\n<p>Como fonte de calor, em caso de n&atilde;o se ter maternidade, existem boas l&acirc;mpadas de aquecimento no mercado. &Eacute; importante que enquanto n&atilde;o estejam totalmente emplumadas as aves estejam em temperaturas entre 30 a 32 graus. Uma ave que n&atilde;o tenha aquecimento adequado, e fique com frio, pode acabar por ter problemas de sa&uacute;de, podem n&atilde;o conseguir digerir o papo, ou at&eacute; mesmo haver uma diminui&ccedil;&atilde;o no apetite.&nbsp;</p>\r\n<p>A papa usada deve ser pr&oacute;pria para psitaciformes (felizmente temos excelentes op&ccedil;&otilde;es no mercado). Devem-se evitar as papas para beb&eacute;s (cerelacs e afins) ou inven&ccedil;&otilde;es caseiras, pois as mesmas n&atilde;o s&atilde;o nutricionalmente adequadas para as aves. Tamb&eacute;m n&atilde;o &eacute; recomendado comprar avulso, sempre em pacotes selados, pois n&atilde;o se faz ideia nem do prazo de validade da em avulso nem a qualidade da mesma.&nbsp;</p>\r\n<p>Para preparar a papa, &eacute; recomendado ferver a &aacute;gua, sendo que depois deixa-se arrefecer, mistura-se o p&oacute; e mexe-se at&eacute; se obter uma mistura sem grumos e homog&eacute;nea. A papa deve estar a 40 graus. N&atilde;o &eacute; muito aconselh&aacute;vel aquecer a papa no microondas pois no mesmo pode criar zonas mais quentes que podem queimar o papo das aves.&nbsp;</p>\r\n<p>A papa pode-se administrar com colher, seringa ou sonda, sendo a primeira a forma que melhor emula a alimenta&ccedil;&atilde;o natural (mas tamb&eacute;m &eacute; a mais suja) e a &uacute;ltima a mais invasiva (e que n&atilde;o &eacute; recomendada a quem n&atilde;o tem experi&ecirc;ncia, assunto a ser abordado noutra publica&ccedil;&atilde;o).&nbsp;</p>\r\n<p>Dar as primeiras tomas numa ave nunca &eacute; f&aacute;cil, vai haver sempre alguma resist&ecirc;ncia pois a ave efectivamente n&atilde;o est&aacute; habituada, e est&aacute; assustada por ter sido retirada dos pais. Devemos deixar que esvazie o papo e tentar dar, no in&iacute;cio o importante &eacute; que sinta o sabor e textura da papa. A partir do momento que reconhe&ccedil;am a papa como alimento, o que pode demorar um ou dois dias por vezes, come&ccedil;am a aceitar bem a papa. Se se tiver de alimentar mais que um, &eacute; recomendado que n&atilde;o haja partilha de seringas, por motivos de sa&uacute;de, e deve-se controlar a temperatura da papa durante todo o processo.&nbsp;</p>\r\n<p>&Eacute; imperativo limpar as aves de qualquer resto de papa que tenha ficado no bico ou ca&iacute;do nas penas. Tamb&eacute;m n&atilde;o se devem reaproveitar os restos de papa de uma refei&ccedil;&atilde;o para a outra, deve-se sempre preparar nova. Todos os utens&iacute;lios usados tamb&eacute;m devem ser bem lavados.&nbsp;</p>\r\n<p>A quantidade de papa a dar varia de acordo com a idade da ave. Mas n&atilde;o &eacute; recomendado dar mais que 10/12 ml por ave. Nunca se deve encher o papo at&eacute; ao limite (ficar duro), &eacute; um dos erros mais comuns e uma das causas mais comuns para o papo estagnado.&nbsp;</p>\r\n<p>O desmame &eacute; a fase mais complicada e onde s&atilde;o cometidos mais erros por parte dos criadores. O tema ser&aacute; abordado numa publica&ccedil;&atilde;o &agrave; parte.&nbsp;</p>\r\n<p>Existe uma outra modalidade onde n&atilde;o se retira as crias do ninho, cria&ccedil;&atilde;o em conjunto com os pais, nesta modalidade alimenta-se as crias 2 ou 3 vezes sem os separar dos pais. &Eacute; um m&eacute;todo muito pouco utilizado e normalmente usado em casais que n&atilde;o se incomodam com que se mexa no ninho.&nbsp;</p>\r\n<p>Enquanto se cria &agrave; m&atilde;o podemos nos deparar com algumas complica&ccedil;&otilde;es e problemas:&nbsp;</p>\r\n<p>- papo estagnado/papo que n&atilde;o digere: &eacute; relativamente frequente e pode se dever a v&aacute;rios factores, papa demasiado fria, temperatura ambiental muito baixa, candid&iacute;ase, papo enchido em demasia, fungos no papo, etc. Aqui a primeira coisa a fazer &eacute; verificar se as temperaturas e condi&ccedil;&otilde;es da ave est&atilde;o bem, caso n&atilde;o estejam o recomendado &eacute; procurar um veterin&aacute;rio. Demorar em agir pode fazer a diferen&ccedil;a entra a vida e a morte da ave.&nbsp;</p>\r\n<p>- papo queimado: n&atilde;o &eacute; muito frequente, mas pode acontecer se se der papa demasiado quente. &Eacute; muito mais frequente acontecer quando se alimenta com sonda, visto que enquanto com seringa ou colher a ave ir&aacute; dar sinal se a papa estiver demasiado quente, com sonda n&atilde;o existe esse controlo. As les&otilde;es podem demorar uns dias a aparecer. Aqui &eacute; mesmo imperativo a visita a um veterin&aacute;rio.&nbsp;</p>\r\n<p>- infec&ccedil;&otilde;es: acontece ao n&atilde;o haver uma via higiene&nbsp;</p>\r\n<p>- problemas de desenvolvimento: acontecem mais quando se d&aacute; uma papa n&atilde;o adequada, como por exemplo cerelac e ainda, ou quando se segue uma tabela de alimenta&ccedil;&atilde;o que n&atilde;o &eacute; adequada.&nbsp;</p>\r\n<p>Como podemos ver, e por muito que nos custe ouvir isso, os problemas que acontecem em aves a ser criadas &agrave; m&atilde;o s&atilde;o quase sempre culpa de quem cria, erro humano. Cabe a quem cria ser o mais cuidadoso poss&iacute;vel.&nbsp;</p>');

-- --------------------------------------------------------

--
-- Estrutura da tabela `ave`
--

CREATE TABLE `ave` (
  `ave_id` int(11) NOT NULL,
  `ave_especie` int(11) NOT NULL,
  `ave_anilha` varchar(20) NOT NULL,
  `ave_genero` int(11) NOT NULL,
  `ave_variedade` int(11) NOT NULL,
  `ave_mutacao` int(11) NOT NULL,
  `ave_ano` date NOT NULL,
  `ave_num_gaiola` int(11) NOT NULL,
  `ave_estado` int(11) NOT NULL,
  `ave_preco` varchar(6) NOT NULL,
  `ave_postura` int(11) NOT NULL,
  `ave_doenca` int(11) NOT NULL,
  `ave_foto` varchar(100) NOT NULL,
  `ave_doenca_desc` text NOT NULL,
  `ave_log_id` int(11) NOT NULL
) ENGINE=InnoDB DEFAULT CHARSET=utf8mb4;

--
-- Extraindo dados da tabela `ave`
--

INSERT INTO `ave` (`ave_id`, `ave_especie`, `ave_anilha`, `ave_genero`, `ave_variedade`, `ave_mutacao`, `ave_ano`, `ave_num_gaiola`, `ave_estado`, `ave_preco`, `ave_postura`, `ave_doenca`, `ave_foto`, `ave_doenca_desc`, `ave_log_id`) VALUES
(1, 1, '1', 1, 1, 98, '2021-10-11', 1, 1, '500,00', 0, 0, '61papagaio verdadeiro.jpg', '', 6),
(2, 1, '2', 2, 2, 98, '2021-10-01', 2, 1, '200,00', 0, 0, '62ecletus.jpg', '', 6),
(3, 2, '3', 1, 4, 9, '2021-09-29', 3, 4, '3,00', 2, 0, '63periquito.jpg', '<p>Fugiu no dia 29/09/2021</p>', 6),
(4, 2, '4', 2, 5, 25, '2021-10-03', 4, 1, '70,00', 1, 0, '64Ring-Neck.jpg', '', 6),
(5, 2, '5', 2, 6, 98, '2021-09-07', 5, 1, '312,00', 0, 1, '65grande-alexandrino.jfif', '', 6),
(6, 1, '6', 2, 3, 98, '2021-06-30', 6, 2, '333,00', 15, 0, '66senegal_parrots-1scaler.jpg', '', 6),
(7, 3, '7', 1, 7, 34, '2020-04-28', 7, 4, '1,00', 20, 0, '67canario.jpg', '<p>Fugiu no dia 14/07/2021</p>', 6),
(8, 4, '8', 2, 8, 43, '2021-09-26', 8, 3, '99,99', 1, 1, '68caturra.jfif', '<p>N&atilde;o est&aacute; para venda</p>', 6),
(9, 5, '9', 2, 9, 98, '2021-09-26', 9, 1, '999,99', 0, 0, '69cacatua_galah_1.jpg', '', 6),
(10, 6, '10', 2, 10, 98, '2021-09-28', 10, 1, '234,00', 4, 0, '610aratinga-nana.jpg', '', 6),
(11, 7, '11', 2, 11, 47, '2021-09-30', 11, 1, '111,00', 1, 0, '611tiriba.jfif', '', 6),
(12, 8, '12', 1, 12, 98, '2021-09-09', 12, 2, '123,00', 0, 1, '612Lori-Arcoiris.jpg', '', 6),
(13, 9, '13', 1, 13, 62, '2021-10-02', 13, 2, '345,00', 5, 0, '613agapornis-roseicollis.jpg', '', 6),
(14, 9, '14', 2, 14, 71, '2021-09-29', 14, 2, '456,00', 12, 0, '614agapornis-personatus.jpeg', '', 6),
(15, 9, '15', 2, 15, 82, '2021-09-28', 15, 2, '546,00', 13, 0, '615Agapornis-Fischeri.jpg', '', 6),
(16, 10, '16', 2, 16, 98, '2021-10-02', 16, 2, '987,00', 3, 0, '616arara-azul-grande.jpg', '', 6),
(17, 11, '18', 2, 17, 90, '2021-09-29', 0, 2, '12,00', 3, 0, '617forpus-coelestis.jpg', '', 6),
(18, 12, '19', 2, 21, 98, '2021-09-28', 19, 2, '19,00', 12, 1, '618maitaca verde.jpg', '', 6),
(19, 12, '20', 1, 22, 98, '2021-10-06', 20, 2, '240,00', 13, 1, '619forpusmentrus.jpg', '', 6),
(20, 12, '21', 2, 23, 98, '2021-10-06', 12, 1, '223,00', 1, 0, '620pionus sordidus.jpg', '', 6),
(21, 12, '22', 1, 24, 98, '2021-10-05', 22, 1, '856,99', 0, 0, '621pionus-Senillis-1.jpg', '', 6),
(22, 11, '23', 2, 19, 98, '2021-10-01', 34, 1, '365,00', 0, 1, '622forpus-xanthops.jpg', '', 6),
(23, 11, '24', 1, 20, 98, '2021-09-30', 24, 1, '813,00', 0, 0, '623forpus-xanthopterygius.jfif', '', 6),
(24, 4, '24', 1, 8, 40, '2021-09-29', 0, 4, '1,00', 0, 0, '624DSC06417.JPG', '', 6),
(25, 4, '25', 1, 8, 42, '2021-09-30', 25, 4, '', 0, 0, '625transferir (1).jpg', '', 6),
(26, 1, '1234', 2, 2, 98, '2021-10-06', 123, 1, '999,99', 1, 0, '526img_2043-1440x959.jpg', '', 5),
(27, 2, '12', 1, 4, 17, '2021-10-06', 12, 2, '50,00', 13, 0, '527images (17).jpg', '<p>Para empr&eacute;stimo</p>', 5),
(28, 7, '864DA', 1, 11, 50, '2021-10-06', 88, 4, '567,00', 8, 1, '528Cotorra-de-Molina-1.jpg', '<p>Perdido no dia 13/10/2021</p>', 5);

-- --------------------------------------------------------

--
-- Estrutura da tabela `banner`
--

CREATE TABLE `banner` (
  `ban_id` int(11) NOT NULL,
  `ban_foto` varchar(300) NOT NULL
) ENGINE=InnoDB DEFAULT CHARSET=utf8mb4;

--
-- Extraindo dados da tabela `banner`
--

INSERT INTO `banner` (`ban_id`, `ban_foto`) VALUES
(1, 'banner_1.png'),
(2, 'banner_2.PNG'),
(3, 'banner_3.PNG');

-- --------------------------------------------------------

--
-- Estrutura da tabela `concelhos`
--

CREATE TABLE `concelhos` (
  `concelhoid` int(11) NOT NULL,
  `distritoid` int(11) NOT NULL,
  `concelho` text NOT NULL
) ENGINE=InnoDB DEFAULT CHARSET=latin1;

--
-- Extraindo dados da tabela `concelhos`
--

INSERT INTO `concelhos` (`concelhoid`, `distritoid`, `concelho`) VALUES
(1, 1, 'Águeda'),
(2, 1, 'Albergaria-a-Velha'),
(3, 1, 'Anadia'),
(4, 1, 'Arouca'),
(5, 1, 'Aveiro'),
(6, 1, 'Castelo de Paiva'),
(7, 1, 'Espinho'),
(8, 1, 'Estarreja'),
(9, 1, 'Ílhavo'),
(10, 1, 'Mealhada'),
(11, 1, 'Murtosa'),
(12, 1, 'Oliveira de Azeméis'),
(13, 1, 'Oliveira do Bairro'),
(14, 1, 'Ovar'),
(15, 1, 'Santa Maria da Feira'),
(16, 1, 'São João da Madeira'),
(17, 1, 'Sever do Vouga'),
(18, 1, 'Vagos'),
(19, 1, 'Vale de Cambra'),
(20, 2, 'Aljustrel'),
(21, 2, 'Almodôvar'),
(22, 2, 'Alvito'),
(23, 2, 'Barrancos'),
(24, 2, 'Beja'),
(25, 2, 'Castro Verde'),
(26, 2, 'Cuba'),
(27, 2, 'Ferreira do Alentejo'),
(28, 2, 'Mértola'),
(29, 2, 'Moura'),
(30, 2, 'Odemira'),
(31, 2, 'Ourique'),
(32, 2, 'Serpa'),
(33, 2, 'Vidigueira'),
(34, 3, 'Amares'),
(35, 3, 'Barcelos'),
(36, 3, 'Braga'),
(37, 3, 'Cabeceiras de Basto'),
(38, 3, 'Celorico de Basto'),
(39, 3, 'Esposende'),
(40, 3, 'Fafe'),
(41, 3, 'Guimarães'),
(42, 3, 'Póvoa de Lanhoso'),
(43, 3, 'Terras de Bouro'),
(44, 3, 'Vieira do Minho'),
(45, 3, 'Vila Nova de Famalicão'),
(46, 3, 'Vila Verde'),
(47, 3, 'Vizela'),
(48, 4, 'Alfândega da Fé'),
(49, 4, 'Bragança'),
(50, 4, 'Carrazeda de Ansiães'),
(51, 4, 'Freixo de Espada à Cinta'),
(52, 4, 'Macedo de Cavaleiros'),
(53, 4, 'Miranda do Douro'),
(54, 4, 'Mirandela'),
(55, 4, 'Mogadouro'),
(56, 4, 'Torre de Moncorvo'),
(57, 4, 'Vila Flor'),
(58, 4, 'Vimioso'),
(59, 4, 'Vinhais'),
(60, 5, 'Belmonte'),
(61, 5, 'Castelo Branco'),
(62, 5, 'Covilhã'),
(63, 5, 'Fundão'),
(64, 5, 'Idanha-a-Nova'),
(65, 5, 'Oleiros'),
(66, 5, 'Penamacor'),
(67, 5, 'Proença-a-Nova'),
(68, 5, 'Sertã'),
(69, 5, 'Vila de Rei'),
(70, 5, 'Vila Velha de Ródão'),
(71, 6, 'Arganil'),
(72, 6, 'Cantanhede'),
(73, 6, 'Coimbra'),
(74, 6, 'Condeixa-a-Nova'),
(75, 6, 'Figueira da Foz'),
(76, 6, 'Góis'),
(77, 6, 'Lousã'),
(78, 6, 'Mira'),
(79, 6, 'Miranda do Corvo'),
(80, 6, 'Montemor-o-Velho'),
(81, 6, 'Oliveira do Hospital'),
(82, 6, 'Pampilhosa da Serra'),
(83, 6, 'Penacova'),
(84, 6, 'Penela'),
(85, 6, 'Soure'),
(86, 6, 'Tábua'),
(87, 6, 'Vila Nova de Poiares'),
(88, 7, 'Alandroal'),
(89, 7, 'Arraiolos'),
(90, 7, 'Borba'),
(91, 7, 'Estremoz'),
(92, 7, 'Évora'),
(93, 7, 'Montemor-o-Novo'),
(94, 7, 'Mora'),
(95, 7, 'Mourão'),
(96, 7, 'Portel'),
(97, 7, 'Redondo'),
(98, 7, 'Reguengos de Monsaraz'),
(99, 7, 'Vendas Novas'),
(100, 7, 'Viana do Alentejo'),
(101, 7, 'Vila Viçosa'),
(102, 8, 'Albufeira'),
(103, 8, 'Alcoutim'),
(104, 8, 'Aljezur'),
(105, 8, 'Castro Marim'),
(106, 8, 'Faro'),
(107, 8, 'Lagoa (Algarve)'),
(108, 8, 'Lagos'),
(109, 8, 'Loulé'),
(110, 8, 'Monchique'),
(111, 8, 'Olhão'),
(112, 8, 'Portimão'),
(113, 8, 'São Brás de Alportel'),
(114, 8, 'Silves'),
(115, 8, 'Tavira'),
(116, 8, 'Vila do Bispo'),
(117, 8, 'Vila Real de Santo António'),
(118, 9, 'Aguiar da Beira'),
(119, 9, 'Almeida'),
(120, 9, 'Celorico da Beira'),
(121, 9, 'Figueira de Castelo Rodrigo'),
(122, 9, 'Fornos de Algodres'),
(123, 9, 'Gouveia'),
(124, 9, 'Guarda'),
(125, 9, 'Manteigas'),
(126, 9, 'Meda'),
(127, 9, 'Pinhel'),
(128, 9, 'Sabugal'),
(129, 9, 'Seia'),
(130, 9, 'Trancoso'),
(131, 9, 'Vila Nova de Foz Côa'),
(132, 10, 'Santa Cruz da Graciosa'),
(133, 11, 'Calheta (Madeira)'),
(134, 11, 'Câmara de Lobos'),
(135, 11, 'Funchal'),
(136, 11, 'Machico'),
(137, 11, 'Ponta do Sol'),
(138, 11, 'Porto Moniz'),
(139, 11, 'Ribeira Brava'),
(140, 11, 'Santa Cruz'),
(141, 11, 'Santana'),
(142, 11, 'São Vicente'),
(143, 12, 'Lajes das Flores'),
(144, 12, 'Santa Cruz das Flores'),
(145, 13, 'Porto Santo'),
(146, 14, 'Vila do Porto'),
(147, 15, 'Calheta (São Jorge)'),
(148, 15, 'Velas'),
(149, 16, 'Lagoa (São Miguel)'),
(150, 16, 'Nordeste'),
(151, 16, 'Ponta Delgada'),
(152, 16, 'Povoação'),
(153, 16, 'Ribeira Grande'),
(154, 16, 'Vila Franca do Campo'),
(155, 17, 'Corvo'),
(156, 18, 'Horta'),
(157, 19, 'Lajes do Pico'),
(158, 19, 'Madalena'),
(159, 19, 'São Roque do Pico'),
(160, 20, 'Angra do Heroísmo'),
(161, 20, 'Praia da Vitória'),
(162, 21, 'Alcobaça'),
(163, 21, 'Alvaiázere'),
(164, 21, 'Ansião'),
(165, 21, 'Batalha'),
(166, 21, 'Bombarral'),
(167, 21, 'Caldas da Rainha'),
(168, 21, 'Castanheira de Pêra'),
(169, 21, 'Figueiró dos Vinhos'),
(170, 21, 'Leiria'),
(171, 21, 'Marinha Grande'),
(172, 21, 'Nazaré'),
(173, 21, 'Óbidos'),
(174, 21, 'Pedrógão Grande'),
(175, 21, 'Peniche'),
(176, 21, 'Pombal'),
(177, 21, 'Porto de Mós'),
(178, 22, 'Alenquer'),
(179, 22, 'Amadora'),
(180, 22, 'Arruda dos Vinhos'),
(181, 22, 'Azambuja'),
(182, 22, 'Cadaval'),
(183, 22, 'Cascais'),
(184, 22, 'Lisboa'),
(185, 22, 'Loures'),
(186, 22, 'Lourinhã'),
(187, 22, 'Mafra'),
(188, 22, 'Odivelas'),
(189, 22, 'Oeiras'),
(190, 22, 'Sintra'),
(191, 22, 'Sobral de Monte Agraço'),
(192, 22, 'Torres Vedras'),
(193, 22, 'Vila Franca de Xira'),
(194, 23, 'Alter do Chão'),
(195, 23, 'Arronches'),
(196, 23, 'Avis'),
(197, 23, 'Campo Maior'),
(198, 23, 'Castelo de Vide'),
(199, 23, 'Crato'),
(200, 23, 'Elvas'),
(201, 23, 'Fronteira'),
(202, 23, 'Gavião'),
(203, 23, 'Marvão'),
(204, 23, 'Monforte'),
(205, 23, 'Nisa'),
(206, 23, 'Ponte de Sor'),
(207, 23, 'Portalegre'),
(208, 23, 'Sousel'),
(209, 24, 'Amarante'),
(210, 24, 'Baião'),
(211, 24, 'Felgueiras'),
(212, 24, 'Gondomar'),
(213, 24, 'Lousada'),
(214, 24, 'Maia'),
(215, 24, 'Marco de Canaveses'),
(216, 24, 'Matosinhos'),
(217, 24, 'Paços de Ferreira'),
(218, 24, 'Paredes'),
(219, 24, 'Penafiel'),
(220, 24, 'Porto'),
(221, 24, 'Póvoa de Varzim'),
(222, 24, 'Santo Tirso'),
(223, 24, 'Trofa'),
(224, 24, 'Valongo'),
(225, 24, 'Vila do Conde'),
(226, 24, 'Vila Nova de Gaia'),
(227, 25, 'Abrantes'),
(228, 25, 'Alcanena'),
(229, 25, 'Almeirim'),
(230, 25, 'Alpiarça'),
(231, 25, 'Benavente'),
(232, 25, 'Cartaxo'),
(233, 25, 'Chamusca'),
(234, 25, 'Constância'),
(235, 25, 'Coruche'),
(236, 25, 'Entroncamento'),
(237, 25, 'Ferreira do Zêzere'),
(238, 25, 'Golegã'),
(239, 25, 'Mação'),
(240, 25, 'Ourém'),
(241, 25, 'Rio Maior'),
(242, 25, 'Salvaterra de Magos'),
(243, 25, 'Santarém'),
(244, 25, 'Sardoal'),
(245, 25, 'Tomar'),
(246, 25, 'Torres Novas'),
(247, 25, 'Vila Nova da Barquinha'),
(248, 26, 'Alcácer do Sal'),
(249, 26, 'Alcochete'),
(250, 26, 'Almada'),
(251, 26, 'Barreiro'),
(252, 26, 'Grândola'),
(253, 26, 'Moita'),
(254, 26, 'Montijo'),
(255, 26, 'Palmela'),
(256, 26, 'Santiago do Cacém'),
(257, 26, 'Seixal'),
(258, 26, 'Sesimbra'),
(259, 26, 'Setúbal'),
(260, 26, 'Sines'),
(261, 27, 'Arcos de Valdevez'),
(262, 27, 'Caminha'),
(263, 27, 'Melgaço'),
(264, 27, 'Monção'),
(265, 27, 'Paredes de Coura'),
(266, 27, 'Ponte da Barca'),
(267, 27, 'Ponte de Lima'),
(268, 27, 'Valença'),
(269, 27, 'Viana do Castelo'),
(270, 27, 'Vila Nova de Cerveira'),
(271, 28, 'Alijó'),
(272, 28, 'Boticas'),
(273, 28, 'Chaves'),
(274, 28, 'Mesão Frio'),
(275, 28, 'Mondim de Basto'),
(276, 28, 'Montalegre'),
(277, 28, 'Murça'),
(278, 28, 'Peso da Régua'),
(279, 28, 'Ribeira de Pena'),
(280, 28, 'Sabrosa'),
(281, 28, 'Santa Marta de Penaguião'),
(282, 28, 'Valpaços'),
(283, 28, 'Vila Pouca de Aguiar'),
(284, 28, 'Vila Real'),
(285, 29, 'Armamar'),
(286, 29, 'Carregal do Sal'),
(287, 29, 'Castro Daire'),
(288, 29, 'Cinfães'),
(289, 29, 'Lamego'),
(290, 29, 'Mangualde'),
(291, 29, 'Moimenta da Beira'),
(292, 29, 'Mortágua'),
(293, 29, 'Nelas'),
(294, 29, 'Oliveira de Frades'),
(295, 29, 'Penalva do Castelo'),
(296, 29, 'Penedono'),
(297, 29, 'Resende'),
(298, 29, 'Santa Comba Dão'),
(299, 29, 'São João da Pesqueira'),
(300, 29, 'São Pedro do Sul'),
(301, 29, 'Sátão'),
(302, 29, 'Sernancelhe'),
(303, 29, 'Tabuaço'),
(304, 29, 'Tarouca'),
(305, 29, 'Tondela'),
(306, 29, 'Vila Nova de Paiva'),
(307, 29, 'Viseu'),
(308, 29, 'Vouzela');

-- --------------------------------------------------------

--
-- Estrutura da tabela `distritos`
--

CREATE TABLE `distritos` (
  `distritosid` int(11) NOT NULL,
  `distrito` text NOT NULL
) ENGINE=InnoDB DEFAULT CHARSET=latin1;

--
-- Extraindo dados da tabela `distritos`
--

INSERT INTO `distritos` (`distritosid`, `distrito`) VALUES
(1, 'Aveiro'),
(2, 'Beja'),
(3, 'Braga'),
(4, 'Bragança'),
(5, 'Castelo Branco'),
(6, 'Coimbra'),
(7, 'Évora'),
(8, 'Faro'),
(9, 'Guarda'),
(10, 'Graciosa'),
(11, 'Madeira'),
(12, 'Flores'),
(13, 'Porto Santo'),
(14, 'Santa Maria'),
(15, 'São Jorge'),
(16, 'São Miguel'),
(17, 'Corvo'),
(18, 'Faial'),
(19, 'Pico'),
(20, 'Terceira'),
(21, 'Leiria'),
(22, 'Lisboa'),
(23, 'Portalegre'),
(24, 'Porto'),
(25, 'Santarém'),
(26, 'Setúbal'),
(27, 'Viana do Castelo'),
(28, 'Vila Real'),
(29, 'Viseu');

-- --------------------------------------------------------

--
-- Estrutura da tabela `doenca`
--

CREATE TABLE `doenca` (
  `doenca_id` int(11) NOT NULL,
  `doenca_esp` int(11) NOT NULL,
  `doenca_desc` text NOT NULL
) ENGINE=InnoDB DEFAULT CHARSET=utf8mb4;

--
-- Extraindo dados da tabela `doenca`
--

INSERT INTO `doenca` (`doenca_id`, `doenca_esp`, `doenca_desc`) VALUES
(10, 2, '<p><strong>1. Sarna knemidoc&oacute;ptica</strong><br />O &aacute;caro do g&ecirc;nero cnemidocoptes &eacute; o respons&aacute;vel por esta doen&ccedil;a t&atilde;o comum nos periquitos australianos, que provoca uma hiperqueratose ou o engrossamento da pele das patas e da cera do bico.</p>\r\n<p>O sobrecrescimento d&eacute;rmico pode dar a sensa&ccedil;&atilde;o de \"escamas nas patas\", como se menciona no artigo do PeritoAnimal sobre &aacute;caros nos can&aacute;rios, e pode deformar o bico do animal se progredir sem tratamento.</p>\r\n<p>Um raspado das les&otilde;es permite observar ao microsc&oacute;pio este &aacute;caro, o que auxilia o diagn&oacute;stico junto com as le&otilde;es t&atilde;o carater&iacute;sticas.</p>\r\n<p><strong>1. Como se trata?</strong><br />A ivermectina costuma ser o tratamento mais eficaz, podendo ser administrada via intramuscular, subcut&acirc;nea ou at&eacute; via oral. Nos casos em que a sarna &eacute; localizada, ou numa fase mais inicial, pode ser aplicada e forma t&oacute;pica, veiculada em algum &oacute;leo, como o da &aacute;rvore do ch&aacute;, mas &eacute; mais complicado controlar a dosagem exata com este m&eacute;todo, existindo o risco de sobredosagem.</p>\r\n<p>Pode ser recomendado repetir o tratamento no final de um par de semana, sendo por vezes utilizada uma terceira aplica&ccedil;&atilde;o</p>\r\n<p>&nbsp;</p>\r\n<p><strong>2. Falta de iodo</strong><br />A falta de iodo na dieta pode afetar os periquitos que consomem exclusivamente uma mistura de sementes pouco variada, sobretudo quando a fra&ccedil;&atilde;o mais abundante &eacute; o milho. O escasso aporte de iodo ao longo do tempo pode conduzir a uma car&ecirc;ncia deste elemento fundamental para sintetizar hormonas tiroideias por parte da gl&acirc;ndula da tiroide, ou seja, um hipotiroidismo secund&aacute;rio.</p>\r\n<p>A gl&acirc;ndula se hipertrofia para tentar manter a produ&ccedil;&atilde;o de hormonas tiroideias, provocando o t&iacute;pico abaulamento disco no pesco&ccedil;o. Podemos notar um \"caro&ccedil;o no pesco&ccedil;o\" e altera&ccedil;&otilde;es na voz, dificuldade em respirar, regurgita&ccedil;&atilde;o da comida, devido ao crescimento excessivo da tiroide que provoca compress&atilde;o da traqueia e do es&oacute;fago.</p>\r\n<p><strong>2. Como se trata?</strong><br />A suplementa&ccedil;&atilde;o de iodo na &aacute;gua do bebedouro em forma de gotas de lugol simultaneamente com uma altera&ccedil;&atilde;o da dieta, costuma ser suficiente. &Eacute; importante relembrar que ao adicionar f&aacute;rmacos na &aacute;gua, n&atilde;o devemos dar demasiada fura ou alface ao periquito, pois cont&ecirc;m muitos l&iacute;quidos, o que lavar&aacute; a que diminua a necessidade de recorrer ao bebedouro.</p>\r\n<p><strong>2. Como se pode prevenir?</strong><br />Uma alimenta&ccedil;&atilde;o variada, na qual se evita que o animal selecione o que mais gosta, &eacute; fundamental para prevenir o desenvolvimento desta doen&ccedil;a comum em periquitos australianos. Algumas verduras cont&ecirc;m iodo suficiente, de forma que fornecendo estes alimentos ao animal duas ou tr&ecirc;s vezes por semana est&aacute; ajudando a prevenir o aparecimento deste problema, al&eacute;m de estar promovendo uma dieta equilibrada. Os espinafres podem ser uma escolha interessante para dar ao seu periquito duas ou tr&ecirc;s vezes por semana, retirando sempre o que ele n&atilde;o come ao fim de algum tempo e evitando o abuso dele. Para mais informa&ccedil;&otilde;es confirma a lista de frutas e verduras para periquitos.</p>'),
(11, 4, '<p><strong>1. Clamidiose</strong><br />A infe&ccedil;&atilde;o por Chlamydia psittaci pode ser subcl&iacute;nica, sendo os nossos periquitos portadores sem sintomas. Geralmente se desenvolve ap&oacute;s situa&ccedil;&otilde;es de estresse (superlota&ccedil;&atilde;o, mudan&ccedil;as ambientais, doen&ccedil;as, falta de higiene...). Esta bact&eacute;ria se excreta nas fezes, urina, secre&ccedil;&otilde;es nasofar&iacute;ngeas e nasais, e pode originar portadores cr&ocirc;nicos que a eliminam de forma intermitente transmitindo ao ambiente, contagiando os seus cong&ecirc;neres.</p>\r\n<p>Quais s&atilde;o os sintomas da clamidiose avi&aacute;ria?<br />Os sinais respirat&oacute;rios e, por vezes, hep&aacute;ticos s&atilde;o indicativos, entre outros, desta infe&ccedil;&atilde;o:</p>\r\n<p>Conjuntivite<br />Dispneia (dificuldade em respirar, bico aberto)<br />Ru&iacute;dos respirat&oacute;rios<br />Biliverdinuria (fezes e urina de cor verde, o que pode indicar uma infe&ccedil;&atilde;o do f&iacute;gado)<br />Diarreia<br />Em casos mais graves, apatia, letargia e anorexia<br />Diagn&oacute;stico<br />Para o diagnostico se combina a observa&ccedil;&atilde;o dos sinais cl&iacute;nicos e com provas espec&iacute;ficas como um teste serol&oacute;gico no qual se mede o aumento de imunoglobulinas M, ou uma t&eacute;cnica de laborat&oacute;rio denominada PCR que evidencia o material gen&eacute;tico da bact&eacute;ria presente nas fezes e o exsudado far&iacute;ngeo do periquito.</p>\r\n<p>A recolha de amostras sangu&iacute;neas costuma ser um grande aux&iacute;lio, sendo poss&iacute;vel observar um aumento nos leuc&oacute;citos e, na bioqu&iacute;mica, os par&acirc;metros hep&aacute;ticos costumam estar elevados. Nem todas as infe&ccedil;&otilde;es por Chlamydia t&ecirc;m a mesma gravidade, depende do tipo de bact&eacute;rias (h&aacute; diferentes subesp&eacute;cies dentro da que conhecemos como Chlamydia) e muitas vezes se transforma numa infe&ccedil;&atilde;o cronica em forma de problemas respirat&oacute;rios constantes, por exemplo.</p>\r\n<p>&nbsp;</p>\r\n<p><strong>1. Tratamento</strong><br />O uso de doxiciclina, um antibi&oacute;tico da fam&iacute;lia das tetraciclinas, &eacute; o tratamento mais eficaz que se conhece para tratar esta doen&ccedil;a t&atilde;o comum em periquitos australianos. Deve ser administrada durante cerca de 45 dias, podendo ser aplicada uma inje&ccedil;&atilde;o intramuscular do composto, embora tenha um risco elevado de produzir danos no tecido (necrose). &Eacute; apenas utilizado em casos mais graves em que &eacute; necess&aacute;rio um tratamento inicial mais agressivo. Apesar disso, se n&atilde;o existir outra forma, se pode optar por uma inje&ccedil;&atilde;o de doxiciclina a cada 7 dias, durante 7 semanas seguidas, nos m&uacute;sculos peitorais.</p>\r\n<p>A forma de tratamento de elei&ccedil;&atilde;o &eacute; a via oral, diretamente no bico com xarope de doxiciclina, ou adicionar a solu&ccedil;&atilde;o em p&oacute; que resulta da tritura&ccedil;&atilde;o das pastilhas de doxiciclina na mistura de sementes, utilizando algum solvente para que o p&oacute; adira &agrave; superf&iacute;cie das mesmas.</p>\r\n<p><strong>1. Preven&ccedil;&atilde;o</strong><br />Evitar o estresse, ambientes com falta de higiene, sobrepopula&ccedil;&atilde;o de aves e a introdu&ccedil;&atilde;o de novos indiv&iacute;duos sem quarentena ou de proced&ecirc;ncia desconhecida &eacute; fundamental. A limpeza volta a ser um aliado chave neste ponto.</p>\r\n<p><strong>2. QUANDO DEVO LEVAR A MINHA AVE AO VETERIN&Aacute;RIO?&nbsp;</strong></p>\r\n<p>As aves, tal como qualquer outro animal de estima&ccedil;&atilde;o, necessitam de acompanhamento veterin&aacute;rio, e enquanto que &eacute; verdade que existem menos veterin&aacute;rios de ex&oacute;ticos que os para os animais de estima&ccedil;&atilde;o mais tradicionais (c&atilde;es e gatos), tamb&eacute;m &eacute; verdade que cada vez mais h&aacute; veterin&aacute;rios de ex&oacute;ticos e muito bons tamb&eacute;m. E muita gente n&atilde;o tem no&ccedil;&atilde;o que o metabolismo de uma ave &eacute; muito acelerado, portando em quest&atilde;o de horas um \"pequeno problema\" pode se transformar num \"enorme problema\". Tentarei abordar aqui, com informa&ccedil;&atilde;o recolhida da internet e em conversa com o meu veterin&aacute;rio, qual a altura para levar a ave a um veterin&aacute;rio.&nbsp;</p>\r\n<p>Na aves de estima&ccedil;&atilde;o &eacute; recomendado pelo menos uma consulta de check up anual. Nessa consulta ela vai ser examinada por um veterin&aacute;rio especializado, e, caso seja necess&aacute;rio, ser&atilde;o feitos exames de sangue, fezes, entre outros. Exames preventivos auxiliam na boa manuten&ccedil;&atilde;o da ave de estima&ccedil;&atilde;o. Pode-se ainda aproveitar a consulta para tirar todas as suas d&uacute;vidas com o veterin&aacute;rio.&nbsp;</p>\r\n<p>Adquirido uma nova ave de estima&ccedil;&atilde;o, tamb&eacute;m &eacute; recomendado a mesma ser avaliada por um veterin&aacute;rio. Com esta avalia&ccedil;&atilde;o inicial est&aacute;-se a proteger seu investimento no animal, mas tamb&eacute;m a sa&uacute;de de suas outras aves, e claro, a quarentena tamb&eacute;m deve ser feita. &Eacute; preciso lembrar que muitas doen&ccedil;as s&atilde;o transmitidas de animal para animal, e que enquanto as aves num determinado criador podem ter resist&ecirc;ncia a alguma doen&ccedil;a, as nossas em casa podem n&atilde;o a ter.&nbsp;</p>\r\n<p>Algumas doen&ccedil;as n&atilde;o s&atilde;o f&aacute;ceis de identificar nas aves, mas o veterin&aacute;rio especializado &eacute; treinado para reconhecer os sinais que indicam problemas de sa&uacute;de, sendo logo feitos exames para determinar a doen&ccedil;a ao certo e tratamento a fazer.&nbsp;</p>\r\n<p>Caso a ave apresente algum destes sinais, deve ser levada imediatamente ao veterin&aacute;rio. Estes sinais indicam que a ave est&aacute; doente e precisa de ser vista por um profissional urgentemente.&nbsp;</p>\r\n<p>&ndash; Penas eri&ccedil;adas, ficando a parecer uma bola&nbsp;</p>\r\n<p>&ndash; Mant&eacute;m os olhos fechados, como se estivesse a dormir&nbsp;</p>\r\n<p>&ndash; Demonstra dificuldade de respirar&nbsp;</p>\r\n<p>&ndash; Fica com o bico aberto o tempo todo&nbsp;</p>\r\n<p>&ndash; N&atilde;o canta nem emite sons, ou apenas emite sons fracos&nbsp;</p>\r\n<p>&ndash; Aparenta fraqueza;&nbsp;</p>\r\n<p>&ndash; Tem v&oacute;mitos ou regurgita&ccedil;&otilde;es&nbsp;</p>\r\n<p>&ndash; Manca ou n&atilde;o se apoia em uma das patas&nbsp;</p>\r\n<p>&ndash; Tem secre&ccedil;&otilde;es nas narinas ou olhos&nbsp;</p>\r\n<p>&ndash; Espirra constantemente&nbsp;</p>\r\n<p>&ndash; Tem sangramento em qualquer zona do corpo ou sofreu um trauma&nbsp;</p>\r\n<p>&ndash; N&atilde;o se alimenta normalmente&nbsp;</p>\r\n<p>&ndash; Apresenta diarr&eacute;ia, ou alguma altera&ccedil;&atilde;o em nas fezes&nbsp;</p>\r\n<p>&ndash; Est&aacute; deitada no fundo da gaiola&nbsp;</p>\r\n<p>Um problema aparentemente pequeno rapidamente evoluiu para algo grave, portanto conv&eacute;m se informar previamente de veterin&aacute;rios pela zona.</p>\r\n<p>&nbsp;</p>\r\n<p><strong>3. VERIFICAR O OSSO DA QUILHA&nbsp;</strong></p>\r\n<p>O osso da quilha encontra-se no centro do peito da ave, e &eacute; poss&iacute;vel atrav&eacute;s do mesmo avaliar a condi&ccedil;&atilde;o da ave no que toca a gordura corporal.&nbsp;</p>\r\n<p>Podemos ver nesta imagem 3 exemplos:&nbsp;</p>\r\n<p>1&deg; exemplo: magro/abaixo do peso - o osso est&aacute; afiado e protuberante. Com pouca carne de ambos os lados. &Eacute; o que se confunde imenso com a suposta doen&ccedil;a da faca (que n&atilde;o existe), &eacute; magreza extrema.&nbsp;</p>\r\n<p>2&deg; exemplo: ave normal - o peito est&aacute; bem redondo, a carne n&atilde;o ultrapassa o osso e apenas se sente o mesmo no meio do peito.&nbsp;</p>\r\n<p>3&deg; exemplo: ave obesa - o osso est&aacute; recessivo, a carne ultrapassa o osso.&nbsp;</p>\r\n<p>Relembro que o osso sente-se sempre numa ave saud&aacute;vel. Torna-se mau quando est&aacute; demasiado protuberante ou quando n&atilde;o se sente o mesmo.</p>\r\n<p>(foto no ambiente trabalho)</p>\r\n<p>&nbsp;</p>\r\n<p><strong>4. ORQUE EST&Aacute; A MINHA CATURRA A FAZER SOM DE BEB&Eacute;/CHORAR E A ABANAR A CABE&Ccedil;A?&nbsp;</strong></p>\r\n<p>Quantas vezes n&atilde;o se compra uma caturra j&aacute; desmamada, ou uma criada por n&oacute;s e que j&aacute; est&aacute; a comer bem sozinha, que volta e meia faz este som? &Eacute; algo relativamente comum, mas que deixa qualquer um a pensar que algo n&atilde;o est&aacute; bem. Existem dois motivos poss&iacute;veis para este comportamento:&nbsp;</p>\r\n<p>- n&atilde;o est&aacute; desmamada&nbsp;</p>\r\n<p>- est&aacute; desmamada e a fazer esse barulho por h&aacute;bito. Uma cria pode continuar a fazer esse som at&eacute; aos 5 meses, mesmo estando desmamada.</p>\r\n<p>Como sei se a minha caturra est&aacute; desmamada?&nbsp;</p>\r\n<p>- Pesar a cria diariamente. A cria deve manter o peso diariamente, e qualquer perda de peso significante deve ser motivo para preocupa&ccedil;&atilde;o.&nbsp;</p>\r\n<p>- vigiar as fezes. As fezes devem ser s&oacute;lidas, n&atilde;o escassas ou aguadas. Com isto dito, &eacute; normal para uma ave ter as fezes aguadas nas primeiras 24 horas, devido ao stress de ser inserida num novo ambiente, isto &eacute; normal.&nbsp;</p>\r\n<p>Aves rec&eacute;m desmamadas podem dar a impress&atilde;o de estar a comer, mas &agrave;s vezes est&atilde;o apenas a \"brincar\" com a comida e n&atilde;o ingerem comida suficiente para manter o peso. Eventualmente a ave vai-se habituar a isso, mas vai precisar de ser alimentada com papa entretanto. Por isso &eacute; essencial que a ave esteja a comer sozinha h&aacute; pelo menos duas semanas antes de sair para um novo lar.&nbsp;</p>\r\n<p>Nota importante:&nbsp;</p>\r\n<p>Assegurem-se que qualquer ave que adquiram esteja completamente desmamada para uma transi&ccedil;&atilde;o mais f&aacute;cil e evitar que haja qualquer regress&atilde;o no desmame.</p>\r\n<p>&nbsp;</p>\r\n<p><strong>5. PORQUE AS CATURRAS COMEM AS PR&Oacute;PRIAS FEZES?&nbsp;</strong></p>\r\n<p>Existe mais que um motivo para isto acontecer. Uma das mais &oacute;bvias &eacute; estarem &agrave; procura de comida e acidentalmente comerem as fezes, isto &eacute; evit&aacute;vel com limpeza regular das gaiolas.&nbsp;</p>\r\n<p>Podem estar com falta de alguns minerais ou vitaminas, e as fezes ainda cont&eacute;m algumas. Caturras s&atilde;o umas das poucas esp&eacute;cies de aves que se tem conhecimento de comerem as fezes quando sentem falta de nutrientes.&nbsp;</p>\r\n<p>Outra raz&atilde;o pode ser por estarem aborrecidas e isto &eacute; meramente uma actividade para elas. Isto acontece mais frequentemente com aves mantidas em cativeiro, que, por normalmente estarem confinadas ao mesmo ambiente constante na sua gaiola, acabam por bicar tudo o que encontrem pelo ch&atilde;o da mesma.&nbsp;</p>\r\n<p>A resposta mais preocupante &eacute; que as aves se encontram com defici&ecirc;ncia de alguma coisa e tentam suprimir isso ao comer as pr&oacute;prias fezes.&nbsp;</p>\r\n<p>O QUE PODE FALTAR PARA COMEREM FEZES?&nbsp;</p>\r\n<p>Fezes de caturra cont&ecirc;m vitaminas do complexo B, vitamina C, colina e amino&aacute;cidos. A falta de alguma destas coisas pode fazer as caturras procurarem e comerem as pr&oacute;prias fezes. Como o corpo n&atilde;o est&aacute; a absorver estas vitaminas e minerais as aves podem tentar buscar os mesmos a outro lado.&nbsp;</p>\r\n<p>AS CATURRAS PODEM MORRER POR COMEREM AS PR&Oacute;PRIAS FEZES?&nbsp;</p>\r\n<p>O termo cient&iacute;fico para comer as pr&oacute;prias fezes e coprofagia, e n&atilde;o &eacute; incomum noutras esp&eacute;cies, como por exemplo c&atilde;es e coelhos. Mas em aves n&atilde;o &eacute; um comportamento normal. Mas se as aves podem morrer por comer as fezes? A resposta curta &eacute; n&atilde;o. Mas podem sim apanhar alguma bact&eacute;ria nas mesmas, o que pode levar a complica&ccedil;&otilde;es. Certos parasitas e bact&eacute;rias podem causar a morte das aves.&nbsp;</p>\r\n<p>O QUE FAZER CASO AS AVES COMAM AS PR&Oacute;PRIAS FEZES&nbsp;</p>\r\n<p>A melhor resposta aqui &eacute; procurar um veterin&aacute;rio para fazer uma avalia&ccedil;&atilde;o da ave. Um exame ao sangue e &agrave;s fezes, bem como um exame geral s&atilde;o recomendados.&nbsp;</p>\r\n<p>Apesar de a ave parecer bem, o facto de comer as fezes pode significar que internamente a ave n&atilde;o est&aacute; bem e pode sofrer de uma defici&ecirc;ncia na dieta.&nbsp;</p>\r\n<p>Caturras s&atilde;o propensas a v&aacute;rios parasitas, que infelizmente muitas vezes s&atilde;o complicados de diagnosticar. E podem ser esses mesmos parasitas que causam as defici&ecirc;ncias vitam&iacute;nicas e em minerais que levam as aves a comer as fezes. E apesar de n&oacute;s estarmos a disponibilizar os mesmos em diversas formas, tais parasitas impedem que o sistema das aves os absorvam.&nbsp;</p>\r\n<p>O QUE SE PODE FAZER PARA PREVENIR QUE COMAM AS FEZES?&nbsp;</p>\r\n<p>A sa&uacute;de da sua ave &eacute; muito importante. Em caso da mesma comer as suas fezes h&aacute; tr&ecirc;s medidas chave a tomar:</p>\r\n<p>- Lev&aacute;-la ao veterin&aacute;rio para realiza&ccedil;&atilde;o de an&aacute;lises e verifica&ccedil;&atilde;o de alguma poss&iacute;vel defici&ecirc;ncia ao n&iacute;vel de alimenta&ccedil;&atilde;o,</p>\r\n<p>- ter sempre uma grade a separar o tabuleiro e a zona de estar da gaiola, assim como manter a boa higiene da gaiola</p>\r\n<p>- disponibilizar brinquedos &agrave; ave para a manter ocupada.</p>\r\n<p>&nbsp;</p>\r\n<p><strong>6. ATAQUES DE P&Acirc;NICO&nbsp;</strong></p>\r\n<p>&Eacute; habitual &agrave;s vezes se ouvir nas gaiolas, especialmente durante a noite, imenso movimento, como se as aves estivessem em p&acirc;nico. Isto &eacute; algo bastante comum em caturras, e pode causar dano &agrave;s aves.&nbsp;</p>\r\n<p>Entende-se como ataque de p&acirc;nico quando as aves come&ccedil;am a correr, gritar e voar de forma descontrolada na gaiola como se estivessem aterrorizadas com alguma coisa. As caturras, n&atilde;o sendo capazes de ver no escuro, acabam por bater contra as grades, poleiros, comedouros, brinquedos, podendo sofrer danos s&eacute;rios. E o pior &eacute; que quando uma come&ccedil;a as outras tamb&eacute;m come&ccedil;am, mesmo que estejam em gaiolas separadas, criando uma confus&atilde;o enorme.&nbsp;</p>\r\n<p>Algumas das consequ&ecirc;ncias destes ataques de p&acirc;nico s&atilde;o:</p>\r\n<p>- podem partir os canh&otilde;es/canudos das penas</p>\r\n<p>- podem partir as asas</p>\r\n<p>- partir ou sofrer dano no bico</p>\r\n<p>- prender as patas em algum s&iacute;tio, podendo levar a partir as mesmas&nbsp;</p>\r\n<p>A causa destes ataques n&atilde;o &eacute; muito clara. H&aacute; teorias que dizem que podem ser causados por algum movimento perto das gaiolas que eles confundem com uma amea&ccedil;a, sons, luzes, correntes de ar, entre muitos outros factores.&nbsp;</p>\r\n<p>As caturras s&atilde;o a esp&eacute;cie que mais sofre com este problema, havendo muta&ccedil;&otilde;es onde isto &eacute; muito mais comum de acontecer, como por exemplo os lutinos.&nbsp;</p>\r\n<p>Acontecendo uma destas situa&ccedil;&otilde;es, a primeira coisa a fazer &eacute; acender as luzes, e tentar falar calmamente com as aves. Nunca se deve tentar apanhar as mesmas durante estes ataques de p&acirc;nico, pois isso pode apenas assusta-las e piorar o ataque. De seguida deve-se avaliar as aves, para ver se sofreram alguma les&atilde;o, e se sim, avaliar a gravidade da mesma.&nbsp;</p>\r\n<p>Duas solu&ccedil;&otilde;es para estes problemas que costumam ser recomendadas s&atilde;o tapar as gaiolas durante a noite ou deixar uma luz de presen&ccedil;a perto da gaiola, que n&atilde;o bata directamente na mesma, de forma &agrave;s aves conseguirem ver o que as rodeia.</p>\r\n<p>&nbsp;</p>\r\n<p>&nbsp;</p>\r\n<p><strong>7. DOEN&Ccedil;A DA FACA&nbsp;</strong></p>\r\n<p>&Eacute; extremamente comum se ouvir o termo \"doen&ccedil;a da faca\", seja algu&eacute;m que teve uma ave doente e morreu com a \"doen&ccedil;a da faca\" ou quando algu&eacute;m pergunta num grupo do Facebook o que se passa com a ave que est&aacute; doente h&aacute; sempre algu&eacute;m que vai dizer \"doen&ccedil;a da faca\". Geralmente seguido de um tratamento que supostamente resulta sempre. Mas afinal, o que &eacute; a tal \"doen&ccedil;a da faca\"?&nbsp;</p>\r\n<p>A resposta &eacute; simples, a \"doen&ccedil;a da faca\" simplesmente n&atilde;o existe. &Eacute; um mito que vem de tempos em que informa&ccedil;&atilde;o, e veterin&aacute;rios, eram praticamente inexistentes, e &eacute; um mito que se mant&eacute;m at&eacute; hoje. O que se chama de \"doen&ccedil;a da faca\" &eacute; uma ave que est&aacute; extremamente magra. E a magreza extrema nada mais &eacute; do que o sintoma de in&uacute;meras doen&ccedil;as. E a &uacute;nica forma de detectar qual &eacute; levando urgentemente a ave ao veterin&aacute;rio de forma a fazer an&aacute;lises, detectar o problema e fazer o tratamento adequado. E isto deve ser feito logo aos primeiros sinais de algo estar errado com a ave, pois as mesmas t&ecirc;m um metabolismo muito acelerado e em poucos dias, &agrave;s vezes menos, podem morrer. Os tratamentos que normalmente se recomendam em coment&aacute;rios s&atilde;o feitos com antibi&oacute;ticos de largo espectro, e sendo verdade que por vezes possam funcionar, na maioria das vezes est&aacute;-se a fazer mais mal do que bem, pois a dosagem pode estar errada (abaixo da dose necess&aacute;ria n&atilde;o faz efeito, acima da dose recomendada est&aacute;-se a sobrecarregar as aves, podendo at&eacute; levar &agrave; morte por intoxica&ccedil;&atilde;o), pode-se criar habitua&ccedil;&atilde;o do sistema das aves ao antibi&oacute;tico e um dia que realmente seja preciso n&atilde;o ter&aacute; qualquer efeito.&nbsp;</p>\r\n<p>As aves, tal como qualquer outro animal e mesmo n&oacute;s seres humanos, necessitam de cuidados m&eacute;dicos, e &eacute; nosso dever ser respons&aacute;veis e providenciar os mesmos &agrave;s aves.&nbsp;</p>'),
(13, 6, '<p>- ATAQUES DE P&Acirc;NICO&nbsp;</p>\r\n<p>&Eacute; habitual &agrave;s vezes se ouvir nas gaiolas, especialmente durante a noite, imenso movimento, como se as aves estivessem em p&acirc;nico. Isto &eacute; algo bastante comum em caturras, e pode causar dano &agrave;s aves.&nbsp;</p>\r\n<p>Entende-se como ataque de p&acirc;nico quando as aves come&ccedil;am a correr, gritar e voar de forma descontrolada na gaiola como se estivessem aterrorizadas com alguma coisa. As caturras, n&atilde;o sendo capazes de ver no escuro, acabam por bater contra as grades, poleiros, comedouros, brinquedos, podendo sofrer danos s&eacute;rios. E o pior &eacute; que quando uma come&ccedil;a as outras tamb&eacute;m come&ccedil;am, mesmo que estejam em gaiolas separadas, criando uma confus&atilde;o enorme.&nbsp;</p>\r\n<p>Algumas das consequ&ecirc;ncias destes ataques de p&acirc;nico s&atilde;o:</p>\r\n<p>- podem partir os canh&otilde;es/canudos das penas</p>\r\n<p>- podem partir as asas</p>\r\n<p>- partir ou sofrer dano no bico</p>\r\n<p>- prender as patas em algum s&iacute;tio, podendo levar a partir as mesmas&nbsp;</p>\r\n<p>A causa destes ataques n&atilde;o &eacute; muito clara. H&aacute; teorias que dizem que podem ser causados por algum movimento perto das gaiolas que eles confundem com uma amea&ccedil;a, sons, luzes, correntes de ar, entre muitos outros factores.&nbsp;</p>\r\n<p>As caturras s&atilde;o a esp&eacute;cie que mais sofre com este problema, havendo muta&ccedil;&otilde;es onde isto &eacute; muito mais comum de acontecer, como por exemplo os lutinos.&nbsp;</p>\r\n<p>Acontecendo uma destas situa&ccedil;&otilde;es, a primeira coisa a fazer &eacute; acender as luzes, e tentar falar calmamente com as aves. Nunca se deve tentar apanhar as mesmas durante estes ataques de p&acirc;nico, pois isso pode apenas assusta-las e piorar o ataque. De seguida deve-se avaliar as aves, para ver se sofreram alguma les&atilde;o, e se sim, avaliar a gravidade da mesma.&nbsp;</p>\r\n<p>Duas solu&ccedil;&otilde;es para estes problemas que costumam ser recomendadas s&atilde;o tapar as gaiolas durante a noite ou deixar uma luz de presen&ccedil;a perto da gaiola, que n&atilde;o bata directamente na mesma, de forma &agrave;s aves conseguirem ver o que as rodeia.</p>'),
(14, 12, '<p>As aves, tal como qualquer outro animal de estima&ccedil;&atilde;o, necessitam de acompanhamento veterin&aacute;rio, e enquanto que &eacute; verdade que existem menos veterin&aacute;rios de ex&oacute;ticos que os para os animais de estima&ccedil;&atilde;o mais tradicionais (c&atilde;es e gatos), tamb&eacute;m &eacute; verdade que cada vez mais h&aacute; veterin&aacute;rios de ex&oacute;ticos e muito bons tamb&eacute;m. E muita gente n&atilde;o tem no&ccedil;&atilde;o que o metabolismo de uma ave &eacute; muito acelerado, portando em quest&atilde;o de horas um \"pequeno problema\" pode se transformar num \"enorme problema\". Tentarei abordar aqui, com informa&ccedil;&atilde;o recolhida da internet e em conversa com o meu veterin&aacute;rio, qual a altura para levar a ave a um veterin&aacute;rio.&nbsp;</p>\r\n<p>Na aves de estima&ccedil;&atilde;o &eacute; recomendado pelo menos uma consulta de check up anual. Nessa consulta ela vai ser examinada por um veterin&aacute;rio especializado, e, caso seja necess&aacute;rio, ser&atilde;o feitos exames de sangue, fezes, entre outros. Exames preventivos auxiliam na boa manuten&ccedil;&atilde;o da ave de estima&ccedil;&atilde;o. Pode-se ainda aproveitar a consulta para tirar todas as suas d&uacute;vidas com o veterin&aacute;rio.&nbsp;</p>\r\n<p>Adquirido uma nova ave de estima&ccedil;&atilde;o, tamb&eacute;m &eacute; recomendado a mesma ser avaliada por um veterin&aacute;rio. Com esta avalia&ccedil;&atilde;o inicial est&aacute;-se a proteger seu investimento no animal, mas tamb&eacute;m a sa&uacute;de de suas outras aves, e claro, a quarentena tamb&eacute;m deve ser feita. &Eacute; preciso lembrar que muitas doen&ccedil;as s&atilde;o transmitidas de animal para animal, e que enquanto as aves num determinado criador podem ter resist&ecirc;ncia a alguma doen&ccedil;a, as nossas em casa podem n&atilde;o a ter.&nbsp;</p>\r\n<p>Algumas doen&ccedil;as n&atilde;o s&atilde;o f&aacute;ceis de identificar nas aves, mas o veterin&aacute;rio especializado &eacute; treinado para reconhecer os sinais que indicam problemas de sa&uacute;de, sendo logo feitos exames para determinar a doen&ccedil;a ao certo e tratamento a fazer.&nbsp;</p>\r\n<p>Caso a ave apresente algum destes sinais, deve ser levada imediatamente ao veterin&aacute;rio. Estes sinais indicam que a ave est&aacute; doente e precisa de ser vista por um profissional urgentemente.&nbsp;</p>\r\n<p>&ndash; Penas eri&ccedil;adas, ficando a parecer uma bola&nbsp;</p>\r\n<p>&ndash; Mant&eacute;m os olhos fechados, como se estivesse a dormir&nbsp;</p>\r\n<p>&ndash; Demonstra dificuldade de respirar&nbsp;</p>\r\n<p>&ndash; Fica com o bico aberto o tempo todo&nbsp;</p>\r\n<p>&ndash; N&atilde;o canta nem emite sons, ou apenas emite sons fracos&nbsp;</p>\r\n<p>&ndash; Aparenta fraqueza;&nbsp;</p>\r\n<p>&ndash; Tem v&oacute;mitos ou regurgita&ccedil;&otilde;es&nbsp;</p>\r\n<p>&ndash; Manca ou n&atilde;o se apoia em uma das patas&nbsp;</p>\r\n<p>&ndash; Tem secre&ccedil;&otilde;es nas narinas ou olhos&nbsp;</p>\r\n<p>&ndash; Espirra constantemente&nbsp;</p>\r\n<p>&ndash; Tem sangramento em qualquer zona do corpo ou sofreu um trauma&nbsp;</p>\r\n<p>&ndash; N&atilde;o se alimenta normalmente&nbsp;</p>\r\n<p>&ndash; Apresenta diarr&eacute;ia, ou alguma altera&ccedil;&atilde;o em nas fezes&nbsp;</p>\r\n<p>&ndash; Est&aacute; deitada no fundo da gaiola&nbsp;</p>\r\n<p>Um problema aparentemente pequeno rapidamente evoluiu para algo grave, portanto conv&eacute;m se informar previamente de veterin&aacute;rios pela zona.</p>'),
(15, 3, '<p><strong>- PORQUE OS CAN&Aacute;RIOS COMEM AS PR&Oacute;PRIAS FEZES?</strong></p>\r\n<p>Existe mais que um motivo para isto acontecer. Uma das mais &oacute;bvias &eacute; estarem &agrave; procura de comida e acidentalmente comerem as fezes, isto &eacute; evit&aacute;vel com limpeza regular das gaiolas.&nbsp;</p>\r\n<p>Podem estar com falta de alguns minerais ou vitaminas, e as fezes ainda cont&eacute;m algumas. Caturras s&atilde;o umas das poucas esp&eacute;cies de aves que se tem conhecimento de comerem as fezes quando sentem falta de nutrientes.&nbsp;</p>\r\n<p>Outra raz&atilde;o pode ser por estarem aborrecidas e isto &eacute; meramente uma actividade para elas. Isto acontece mais frequentemente com aves mantidas em cativeiro, que, por normalmente estarem confinadas ao mesmo ambiente constante na sua gaiola, acabam por bicar tudo o que encontrem pelo ch&atilde;o da mesma.&nbsp;</p>\r\n<p>A resposta mais preocupante &eacute; que as aves se encontram com defici&ecirc;ncia de alguma coisa e tentam suprimir isso ao comer as pr&oacute;prias fezes.&nbsp;</p>\r\n<p>O QUE PODE FALTAR PARA COMEREM FEZES?&nbsp;</p>\r\n<p>Fezes de caturra cont&ecirc;m vitaminas do complexo B, vitamina C, colina e amino&aacute;cidos. A falta de alguma destas coisas pode fazer as caturras procurarem e comerem as pr&oacute;prias fezes. Como o corpo n&atilde;o est&aacute; a absorver estas vitaminas e minerais as aves podem tentar buscar os mesmos a outro lado.&nbsp;</p>\r\n<p>AS CATURRAS PODEM MORRER POR COMEREM AS PR&Oacute;PRIAS FEZES?&nbsp;</p>\r\n<p>O termo cient&iacute;fico para comer as pr&oacute;prias fezes e coprofagia, e n&atilde;o &eacute; incomum noutras esp&eacute;cies, como por exemplo c&atilde;es e coelhos. Mas em aves n&atilde;o &eacute; um comportamento normal. Mas se as aves podem morrer por comer as fezes? A resposta curta &eacute; n&atilde;o. Mas podem sim apanhar alguma bact&eacute;ria nas mesmas, o que pode levar a complica&ccedil;&otilde;es. Certos parasitas e bact&eacute;rias podem causar a morte das aves.&nbsp;</p>\r\n<p>O QUE FAZER CASO AS AVES COMAM AS PR&Oacute;PRIAS FEZES&nbsp;</p>\r\n<p>A melhor resposta aqui &eacute; procurar um veterin&aacute;rio para fazer uma avalia&ccedil;&atilde;o da ave. Um exame ao sangue e &agrave;s fezes, bem como um exame geral s&atilde;o recomendados.&nbsp;</p>\r\n<p>Apesar de a ave parecer bem, o facto de comer as fezes pode significar que internamente a ave n&atilde;o est&aacute; bem e pode sofrer de uma defici&ecirc;ncia na dieta.&nbsp;</p>\r\n<p>Caturras s&atilde;o propensas a v&aacute;rios parasitas, que infelizmente muitas vezes s&atilde;o complicados de diagnosticar. E podem ser esses mesmos parasitas que causam as defici&ecirc;ncias vitam&iacute;nicas e em minerais que levam as aves a comer as fezes. E apesar de n&oacute;s estarmos a disponibilizar os mesmos em diversas formas, tais parasitas impedem que o sistema das aves os absorvam.&nbsp;</p>\r\n<p>O QUE SE PODE FAZER PARA PREVENIR QUE COMAM AS FEZES?&nbsp;</p>\r\n<p>A sa&uacute;de da sua ave &eacute; muito importante. Em caso da mesma comer as suas fezes h&aacute; tr&ecirc;s medidas chave a tomar:</p>\r\n<p>- Lev&aacute;-la ao veterin&aacute;rio para realiza&ccedil;&atilde;o de an&aacute;lises e verifica&ccedil;&atilde;o de alguma poss&iacute;vel defici&ecirc;ncia ao n&iacute;vel de alimenta&ccedil;&atilde;o,</p>\r\n<p>- ter sempre uma grade a separar o tabuleiro e a zona de estar da gaiola, assim como manter a boa higiene da gaiola</p>\r\n<p>- disponibilizar brinquedos &agrave; ave para a manter ocupada.</p>'),
(16, 5, '<p>Como em todas as aves, podem aparecer problemas na postura de ovos, tais como a postura cr&ocirc;nica, ou problemas na forma&ccedil;&atilde;o da casca do ovo que provoca a ruptura do ovo no abd&ocirc;men e consequente peritonite.</p>\r\n<p>&nbsp;</p>\r\n<p>A postura cr&ocirc;nica &eacute; complicada de solucionar, pode tentar reduzir as horas de luz, afastando a f&ecirc;mea do macho (sem o ver, nem ouvir), mas o mais eficaz costuma ser um implante hormonal que iniba o eixo hipot&aacute;lamo-hip&oacute;fise-adrenal. Ou seja, que cesse a atividade do ov&aacute;rio. Dura alguns meses, &eacute; vari&aacute;vel e requer seda&ccedil;&atilde;o para a sua coloca&ccedil;&atilde;o, mas &agrave;s vezes &eacute; o &uacute;nico rem&eacute;dio para esta perigosa altera&ccedil;&atilde;o.</p>\r\n<p>&nbsp;</p>\r\n<p>As consequ&ecirc;ncias de uma distocia (impossibilidade de realizar a postura), por o ovo ser excessivamente grande, a ruptura do ovo dentro do abd&ocirc;men por debilidade da casca, provoca uma peritonite, que provoca uma situa&ccedil;&atilde;o de emerg&ecirc;ncia em todos os casos e poucas aves conseguem recuperar.</p>\r\n<p>&nbsp;</p>\r\n<p>Como sinais cl&iacute;nicos costumamos observar distens&atilde;o do abd&ocirc;men, anorexia, apatia, letargia... todos eles muito inespec&iacute;ficos o que torna necess&aacute;rio um exame complementar feito pelo veterin&aacute;rio para detetar a sua origem para realizar o tratamento mais adequado, embora o progn&oacute;stico neste casos n&atilde;o seja muito favor&aacute;vel.</p>\r\n<p>&nbsp;</p>\r\n<p>Embora n&atilde;o seja t&atilde;o comum como em outros psitac&iacute;deos, os periquitos tamb&eacute;m podem sofrer de picacismo e arrancar as pr&oacute;prias penas.</p>'),
(17, 8, '<p>N&atilde;o &eacute; habitual existir uma parasitose interna nos nossos periquitos de companhia, mas pode se observar em aves que vivam em voadeiras com ch&atilde;o de terra e com um n&uacute;mero elevado de aves.</p>\r\n<p>&nbsp;</p>\r\n<p>Parasitas microsc&oacute;picos: como Giardia, ou Coccidios podem afetar os nossos periquitos, dando lugar &agrave;s t&iacute;picas diarreias intermitentes ou agudas, plumagem cloacal suja, perda de peso, apatia... Um exame das fezes ao microsc&oacute;pio permite observar as Giardias ou as formas reprodutivas dos Coccidios, respetivamente. O isolamento do animal doente, uma desinfe&ccedil;&atilde;o a fundo e o tratamento da ave com toltrazuril (Coccidios) e metronidazol ou febendazon (Giardias), acrescentando a terapia de suporte necess&aacute;ria, pode solucionar o problema se for detetado a tempo.</p>\r\n<p>Parasitas macrosc&oacute;picos: os ascar&iacute;deos s&atilde;o provavelmente os mais frequentes em periquitos, mas n&atilde;o &eacute; muito comum observ&aacute;-los em aves de cativeiro. Estes nematodes (vermes cil&iacute;ndricos) intestinais podem provocar diarreias e perda de peso, assim como plumagem pouco brilhante e com aspeto sujo. No exame ao microsc&oacute;pio das fezes &eacute; f&aacute;cil detetar os ovos deles, e o tratamento com ivermectina, albendazol ou fembendazol, costumam ser op&ccedil;&otilde;es muito eficazes</p>'),
(18, 10, '<p><strong>Conjuntivite</strong></p>\r\n<p>Dispneia (dificuldade em respirar, bico aberto)</p>\r\n<p>Ru&iacute;dos respirat&oacute;rios</p>\r\n<p>Biliverdinuria (fezes e urina de cor verde, o que pode indicar uma infe&ccedil;&atilde;o do f&iacute;gado)</p>\r\n<p>Diarreia</p>\r\n<p>Em casos mais graves, apatia, letargia e anorexia</p>\r\n<p><strong>Diagn&oacute;stico</strong></p>\r\n<p>Para o diagnostico se combina a observa&ccedil;&atilde;o dos sinais cl&iacute;nicos e com provas espec&iacute;ficas como um teste serol&oacute;gico no qual se mede o aumento de imunoglobulinas M, ou uma t&eacute;cnica de laborat&oacute;rio denominada PCR que evidencia o material gen&eacute;tico da bact&eacute;ria presente nas fezes e o exsudado far&iacute;ngeo do periquito.</p>\r\n<p>&nbsp;</p>\r\n<p>A recolha de amostras sangu&iacute;neas costuma ser um grande aux&iacute;lio, sendo poss&iacute;vel observar um aumento nos leuc&oacute;citos e, na bioqu&iacute;mica, os par&acirc;metros hep&aacute;ticos costumam estar elevados. Nem todas as infe&ccedil;&otilde;es por Chlamydia t&ecirc;m a mesma gravidade, depende do tipo de bact&eacute;rias (h&aacute; diferentes subesp&eacute;cies dentro da que conhecemos como Chlamydia) e muitas vezes se transforma numa infe&ccedil;&atilde;o cronica em forma de problemas respirat&oacute;rios constantes, por exemplo.</p>\r\n<p>&nbsp;</p>\r\n<p><strong>Tratamento</strong></p>\r\n<p>O uso de doxiciclina, um antibi&oacute;tico da fam&iacute;lia das tetraciclinas, &eacute; o tratamento mais eficaz que se conhece para tratar esta doen&ccedil;a t&atilde;o comum em periquitos australianos. Deve ser administrada durante cerca de 45 dias, podendo ser aplicada uma inje&ccedil;&atilde;o intramuscular do composto, embora tenha um risco elevado de produzir danos no tecido (necrose). &Eacute; apenas utilizado em casos mais graves em que &eacute; necess&aacute;rio um tratamento inicial mais agressivo. Apesar disso, se n&atilde;o existir outra forma, se pode optar por uma inje&ccedil;&atilde;o de doxiciclina a cada 7 dias, durante 7 semanas seguidas, nos m&uacute;sculos peitorais.</p>\r\n<p>&nbsp;</p>\r\n<p>A forma de tratamento de elei&ccedil;&atilde;o &eacute; a via oral, diretamente no bico com xarope de doxiciclina, ou adicionar a solu&ccedil;&atilde;o em p&oacute; que resulta da tritura&ccedil;&atilde;o das pastilhas de doxiciclina na mistura de sementes, utilizando algum solvente para que o p&oacute; adira &agrave; superf&iacute;cie das mesmas.</p>\r\n<p>&nbsp;</p>\r\n<p><strong>Preven&ccedil;&atilde;o</strong></p>\r\n<p>Evitar o estresse, ambientes com falta de higiene, sobrepopula&ccedil;&atilde;o de aves e a introdu&ccedil;&atilde;o de novos indiv&iacute;duos sem quarentena ou de proced&ecirc;ncia desconhecida &eacute; fundamental. A limpeza volta a ser um aliado chave neste ponto.</p>\r\n<p>&nbsp;</p>\r\n<p>Recordamos que pessoas que trabalham com grupos de aves, os veterin&aacute;rios, ou as pessoas com contato direto com periquitos (propriet&aacute;rios com um numeroso grupo), podem ser afetados por essa bact&eacute;ria, por isso se considera uma zoonose</p>');

-- --------------------------------------------------------

--
-- Estrutura da tabela `especie`
--

CREATE TABLE `especie` (
  `esp_id` int(11) NOT NULL,
  `esp_nome` varchar(100) NOT NULL
) ENGINE=InnoDB DEFAULT CHARSET=utf8mb4;

--
-- Extraindo dados da tabela `especie`
--

INSERT INTO `especie` (`esp_id`, `esp_nome`) VALUES
(1, 'Papagaio'),
(2, 'Periquito'),
(3, 'Canário'),
(4, 'Calopsita'),
(5, 'Cacatua'),
(6, 'Aratinga'),
(7, 'Tiriba'),
(8, 'Lóris'),
(9, 'Agapornis'),
(10, 'Arara'),
(11, 'Tuim'),
(12, 'Maitaca');

-- --------------------------------------------------------

--
-- Estrutura da tabela `faqs`
--

CREATE TABLE `faqs` (
  `faq_id` int(11) NOT NULL,
  `faq_pergunta` varchar(255) NOT NULL,
  `faq_resposta` text NOT NULL
) ENGINE=InnoDB DEFAULT CHARSET=utf8mb4;

--
-- Extraindo dados da tabela `faqs`
--

INSERT INTO `faqs` (`faq_id`, `faq_pergunta`, `faq_resposta`) VALUES
(9, 'Que aspetos devo considerar antes de adquirir uma ave?', '<p>A procura de esp&eacute;cies ex&oacute;ticas, entre as quais os psittaciformes das fam&iacute;lias dos psitac&iacute;deos e cacatuidae, &eacute; algo que tem vindo a crescer nos &uacute;ltimos anos. S&atilde;o cada vez mais as pessoas que elegem como pets esp&eacute;cies como caturras, agapornis, papagaios, pyrrhuras, araras, entre outras. E n&atilde;o surpreende. Afinal os psittaciformes s&atilde;o aves muito bonitas, de cores vivas, inteligentes, divertidas e que geram intera&ccedil;&atilde;o, mas, por outro lado, tamb&eacute;m requerem muitos cuidados e &eacute; sobre este aspeto em particular que iremos falar hoje e que se centra na import&acirc;ncia de conhecer bem a esp&eacute;cie antes de a comprar.</p>\r\n<p>Ter uma ave &eacute; um compromisso e compete aos tutores prestar as melhores condi&ccedil;&otilde;es, tendo em vista o bem-estar e sa&uacute;de da mesma. Por isso &eacute; importante ter em conta que antes de algu&eacute;m, por impulso, ter uma ave porque um amigo ou familiar tem e considera \"giro\", dever&aacute; responder a uma primeira pergunta base: tem tempo e or&ccedil;amento para a manter?</p>\r\n<p>Os psittaciformes s&atilde;o aves que requerem aten&ccedil;&atilde;o especial, que vai muito al&eacute;m da reposi&ccedil;&atilde;o de &aacute;gua e alimentos. Alguns vivem 30, 50 ou mais anos. Requerem tempo para intera&ccedil;&atilde;o e socializa&ccedil;&atilde;o, est&iacute;mulos e enriquecimento ambiental, entre os quais brinquedos para se manterem constantemente entretidos.</p>\r\n<p>Por outro lado, estas aves s&atilde;o como as crian&ccedil;as, ou seja, precisam de supervis&atilde;o, principalmente se andarem &agrave; solta pela casa. H&aacute; que conhecer e ter em aten&ccedil;&atilde;o os perigos existentes na casa (a exist&ecirc;ncia de plantas t&oacute;xicas, cabos el&eacute;tricos, fumos e gases t&oacute;xicos, m&oacute;veis de madeira que podem ser \"mastigados\" pelos amigos de penas, pequenas pe&ccedil;as que podem ser engolidas, entre outros).</p>\r\n<p>Cada esp&eacute;cie tem necessidades diferentes por exemplo ao n&iacute;vel de alimenta&ccedil;&atilde;o ou da dimens&atilde;o e caracter&iacute;sticas das instala&ccedil;&otilde;es onde ir&atilde;o passar grande parte, sen&atilde;o mesmo a totalidade da sua vida.</p>\r\n<p>Tamb&eacute;m existem fatores como o ru&iacute;do, que poder&atilde;o fazer a diferen&ccedil;a, principalmente para quem mora num apartamento ou a quest&atilde;o da propens&atilde;o para forma&ccedil;&atilde;o de p&oacute; de pena, que poder&aacute; trazer complica&ccedil;&otilde;es acrescidas a quem sofre de alergia ou de asma.</p>\r\n<p>Mas, no fundo, um fator &eacute; transversal a todas as aves: a necessidade de cuidados adequados &agrave; esp&eacute;cie e acompanhamento peri&oacute;dico veterin&aacute;rio, pelo menos de 6 em 6 meses.</p>\r\n<p>Numa leitura do livro PsittaCulture, Tony Silva, mencionando autores como Wilson, desaconselha por completo a aquisi&ccedil;&atilde;o de aves se os motivos se prenderem, entre outros, com a beleza da ave e a sua capacidade para imitar sons ou palavras ou com limita&ccedil;&otilde;es da pessoa por exemplo, ao n&iacute;vel de espa&ccedil;o dispon&iacute;vel, necessidade de viajar, ocupa&ccedil;&atilde;o, dificuldade em estabelecer limites e assumir compromissos, problemas de asma ou alergias e constrangimentos financeiros.</p>\r\n<p>Lembremo-nos que uma ave n&atilde;o &eacute; um brinquedo, nem um elemento decorativo. Requer cuidados de sa&uacute;de, higiene e conhecimentos ao n&iacute;vel do maneio, at&eacute; porque a maior parte dos problemas apresentados por aves numa ida ao veterin&aacute;rio resultam de erros de maneio. Por isso, para uma decis&atilde;o em consci&ecirc;ncia, antes da compra, &eacute; importante a pessoa informar-se e pesquisar previamente sobre a esp&eacute;cie pretendida, o seu temperamento, barulho, necessidades de alimenta&ccedil;&atilde;o (que v&atilde;o muito al&eacute;m da oferta exclusiva de sementes), necessidades de enriquecimento ambiental e social, ou o tamanho adequado das instala&ccedil;&otilde;es, entre outros aspetos, e se, efetivamente, consegue assegurar o cumprimento de todos esses fatores; para al&eacute;m do tempo e capacidade financeira requeridos n&atilde;o s&oacute; para manter a ave mas, tamb&eacute;m, para garantir cuidados de sa&uacute;de e acompanhamento m&eacute;dico especializado.</p>\r\n<p>Garantidos todos estes pressupostos temos a certeza que estar&atilde;o reunidas as condi&ccedil;&otilde;es para a entrada de um novo membro da fam&iacute;lia em nossas casas, que merece todo o nosso cuidado e aten&ccedil;&atilde;o e que n&atilde;o s&oacute; ser&aacute; uma excelente companhia para a vida mas que, trar&aacute;, certamente, a toda fam&iacute;lia muitos momentos de alegria.</p>'),
(10, 'Qual a importância da quarentena?', '<p>A chegada de uma nova ave &agrave;s nossas casas requer cuidados especiais, principalmente quando j&aacute; existem outras aves a viver connosco. A nova ave dever&aacute; ser sujeita a um per&iacute;odo de quarentena longe das aves que j&aacute; temos em casa. Este per&iacute;odo de quarentena ir&aacute; possibilitar o despiste de doen&ccedil;as potencialmente transmiss&iacute;veis &agrave;s aves residentes e que poder&atilde;o colocar em risco a sua sa&uacute;de, nomeadamente a psitacose, polioma, clamidiose, a circovirose, conhecida por doen&ccedil;a do bico e das penas, entre outras. Lembre-se que as aves s&atilde;o eximias em esconder doen&ccedil;as e quando as demonstram poder&aacute; ser tarde demais. Uma ave doente poder&aacute; contaminar todas as outras que j&aacute; estavam em casa, tornando-se por isso fundamental a realiza&ccedil;&atilde;o de quarentena e ado&ccedil;&atilde;o de cuidados especiais.</p>\r\n<p>???? PROCEDIMENTOS B&Aacute;SICOS NECESS&Aacute;RIOS &Agrave; QUARENTENA:</p>\r\n<p>✅ colocar a nova ave numa outra divis&atilde;o ou sala separada das restantes ave residentes (e nunca na mesma divis&atilde;o ou sala), durante 6 semanas;</p>\r\n<p>✅ sempre que interagir com as aves, mudar a &aacute;gua, trocar a comida ou fizer a higiene de gaiolas comece sempre pelas aves residentes, terminando com a nova ave e nunca o contr&aacute;rio. Neste contexto, lave sempre muito bem as m&atilde;os ap&oacute;s intera&ccedil;&atilde;o com a nova ave ou manuseamento da gaiola, brinquedos e outros acess&oacute;rios. Lembre-se que a lavagem das m&atilde;os &eacute; fundamental para evitar poss&iacute;vel contamina&ccedil;&atilde;o e transmiss&atilde;o de infe&ccedil;&otilde;es &agrave;s restantes aves da casa;</p>\r\n<p>✅ esteja atento ao comportamento da nova ave, nomeadamente a aspetos como apetite, atividade, condi&ccedil;&atilde;o das penas, fezes, entre outros;</p>\r\n<p>✅ leve a nova ave ao veterin&aacute;rio para verifica&ccedil;&atilde;o da sua sa&uacute;de geral (incluindo pesagem, despistagem de &aacute;caros e piolhos, condi&ccedil;&atilde;o geral, entre outros) e realiza&ccedil;&atilde;o de exames de despistagem de doen&ccedil;as. Certamente todos estes testes acarretar&atilde;o custos, mas ser&atilde;o, sem d&uacute;vida, o seguro para que a nova ave n&atilde;o transmita doen&ccedil;as &agrave;s aves residentes, facto que, a acontecer poder&aacute; acarretar uma despesa ainda maior.</p>\r\n<p>‼️Lembre-se: a quarentena &eacute; a melhor forma de controlar e verificar o estado de sa&uacute;de de uma nova ave e evitar que a mesma transita doen&ccedil;as &agrave;s aves residentes, revestindo-se de especial import&acirc;ncia na manuten&ccedil;&atilde;o da sa&uacute;de das aves que tem em casa. Uma ave que aparentemente possa parecer saud&aacute;vel, com a mudan&ccedil;a de espa&ccedil;o e ambiente a que est&aacute; habituada poder&aacute; desencadear comportamentos de stress, que poder&atilde;o ser o bot&atilde;o para despoletar a manifesta&ccedil;&atilde;o de sintomas de doen&ccedil;a na nova ave. Previna eventuais contamina&ccedil;&otilde;es atrav&eacute;s da realiza&ccedil;&atilde;o da quarentena e de acompanhamento m&eacute;dico veterin&aacute;rio. A aves agradecem e a sua sa&uacute;de tamb&eacute;m</p>'),
(11, 'O que fazer se a minha ave fugir?', '<p>&raquo; Algumas dicas que poder&atilde;o ajudar a reav&ecirc;-la</p>\r\n<p>Os cuidados a ter com aves &agrave; solta em casa n&atilde;o se devem prender somente com os perigos que existem no interior da habita&ccedil;&atilde;o mas, tamb&eacute;m, com o risco e a possibilidade de, num momento de distra&ccedil;&atilde;o, poder ocorrer uma fuga devido ao esquecimento de uma janela ou de uma porta abertas.</p>\r\n<p>Hoje vamos fornecer algumas dicas que poder&atilde;o ajudar n&atilde;o s&oacute; quem possa ter perdido uma ave a reav&ecirc;-la mas, tamb&eacute;m, a ajudar quem possa encontrar uma ave a devolv&ecirc;-la &agrave; sua fam&iacute;lia e ao seu lar.</p>\r\n<p>Vamos come&ccedil;ar?</p>\r\n<p>✅ Primeiro aspeto importante a ter em conta: se viu a ave fugir n&atilde;o a perca de vista e siga-a. As primeiras horas s&atilde;o cruciais para o sucesso da sua recupera&ccedil;&atilde;o, uma vez que a ave ir&aacute; manter-se pr&oacute;ximo do local da fuga.</p>\r\n<p>✅ Se a perdeu de vista continue a procurar na zona, esteja atento(a) a eventuais sons feitos por ela e chame-a. Conforme o tempo vai passando, alargue o per&iacute;metro de busca.</p>\r\n<p>✅ Coloque a gaiola aberta junto &agrave; janela ou na varanda, para que a ave possa regressar ao ver algo familiar. Inclusivamente h&aacute; quem, adicionalmente, recorra a sons de outras aves da esp&eacute;cie como forma de chamamento.</p>\r\n<p>✅ No caso da ave voar para uma &aacute;rvore evite chegar at&eacute; ela subindo pelo tronco, para que ela n&atilde;o se assuste. &Eacute; mais f&aacute;cil a ave voar para o tutor se o mesmo se colocar numa zona &agrave; vista e perto da &aacute;rvore, mas n&atilde;o imediatamente abaixo da mesma (este aspeto prende-se com o facto das aves n&atilde;o treinadas terem dificuldade em fazerem voos descendentes a pique no caso de se assustarem).</p>\r\n<p>✅ Fa&ccedil;a um cartaz com as seguintes informa&ccedil;&otilde;es: fotografia da ave, descri&ccedil;&atilde;o da ave, identifica&ccedil;&atilde;o da data e local de fuga e contacto telef&oacute;nico e distribua pela zona, em lojas de animais, cl&iacute;nicas veterin&aacute;rias, supermercados ou caf&eacute;s. Esta dica poder&aacute; ser adotada, tamb&eacute;m, por quem encontra uma ave (neste caso recomenda-se n&atilde;o colocar, por exemplo, a informa&ccedil;&atilde;o existente na anilha, uma vez que o tutor poder&aacute; vir a ter de utilizar essa informa&ccedil;&atilde;o como prova de que a ave &eacute; sua).</p>\r\n<p>✅ Publique um an&uacute;ncio online e partilhe-o na sua p&aacute;gina de Facebook e em outro grupos. Existem portais e grupos online onde o poder&aacute; fazer como o portal \"Encontra-me\" (dispon&iacute;vel em https://www.encontra-me.org/), o grupo SOS Aves - Lost &amp; Found Birds - Portugal &amp; Europa e outros grupos ligados a esp&eacute;cies espec&iacute;ficas de aves no facebook (este conselho poder&aacute;, tamb&eacute;m, ser adotado por quem encontre uma ave n&atilde;o colocando, como referido anteriormente, informa&ccedil;&atilde;o da anilha que poder&aacute; servir de prova ao tutor para reaver a ave).</p>\r\n<p>‼️Dicas importantes ‼️</p>\r\n<p>???? Ao contr&aacute;rio do que se possa pensar o corte de asas n&atilde;o evita a fuga. A fuga poder&aacute; dar-se na mesma uma vez que, mesmo com as penas de voo aparadas, a ave poder&aacute; fazer voos curtos e, pior, ser presa f&aacute;cil para outros animais ou estar mais exposta a outros perigos como o atropelamento.</p>\r\n<p>???? Proporcionar banhos de sol &agrave; ave na varanda para al&eacute;m de ser ben&eacute;fico para a sua sa&uacute;de contribui para que a ave conhe&ccedil;a a zona e os sons envolventes, podendo ajudar a reconhecer o local de regresso numa poss&iacute;vel fuga.</p>\r\n<p>???? Ensinar a ave desde pequena a responder ao seu chamamento e a voar para si &eacute; uma boa estrat&eacute;gia para evitar dissabores futuros em caso de fuga.</p>'),
(12, 'Perigos domésticos - Gases e fumos tóxicos?', '<p>No nosso quotidiano, utilizamos com frequ&ecirc;ncia diversos utens&iacute;lios e produtos que, sem darmos conta, poder&atilde;o ser fatais para as nossas aves. Se para os humanos a maioria deles n&atilde;o tem efeitos secund&aacute;rios o mesmo n&atilde;o se aplica &agrave;s nossas aves que t&ecirc;m um sistema respirat&oacute;rio muito sens&iacute;vel. Hoje iremos abordar o perigo desses produtos e utens&iacute;lios.</p>\r\n<p>⚠️ PTFE/TEFLON</p>\r\n<p>Presente, por exemplo, nos utens&iacute;lios antiaderentes, o PTFE / Teflon &eacute; um perigo que poder&aacute; ser fatal para os nossos penudos e que se revela como uma das causas mais comuns de intoxica&ccedil;&atilde;o de aves em casa. O PTFE &eacute; um fluoropol&iacute;mero sint&eacute;tico que, ao ser aquecido a temperaturas elevadas, liberta gases altamente t&oacute;xicos que, quando inalados pelas aves, poder&atilde;o levar &agrave; morte. Encontra-se presente em diversos utens&iacute;lios como panelas e frigideiras antiaderentes, fornos com sistema de autolimpeza, ferros de engomar, coberturas para t&aacute;buas de passar a ferro, entre outros. Exposta a estes gases a ave poder&aacute; desenvolver um quadro cl&iacute;nico que apresente os seguintes sintomas: debilidade, dificuldade respirat&oacute;ria, descoordena&ccedil;&atilde;o, coma, edema, hemorragia, necrose nos pulm&otilde;es e, em casos irrevers&iacute;veis, a morte.</p>\r\n<p>⚠️ FUMO DE TABACO</p>\r\n<p>A inala&ccedil;&atilde;o de fumo de tabaco por aves poder&aacute; originar imunodepress&atilde;o, conjuntivite, rinite, dermatite e, a longo prazo, problemas irrepar&aacute;veis ao n&iacute;vel do trato respirat&oacute;rio e doen&ccedil;as cardiovasculares. Por outro lado, a ingest&atilde;o de produtos &agrave; base de nicotina poder&aacute; ser rapidamente fatal.</p>\r\n<p>Para evitar dissabores, &eacute; recomend&aacute;vel que o tutor fumador fume fora de casa. Adicionalmente, &eacute;, ainda, recomend&aacute;vel que o tutor fumador lave as m&atilde;os ap&oacute;s fumar e antes de estar em contacto com a ave.</p>\r\n<p>⚠️ OUTROS PRODUTOS DOM&Eacute;STICOS T&Oacute;XICOS</p>\r\n<p>Dentro dos produtos t&oacute;xicos para aves est&atilde;o inclu&iacute;dos outros produtos que libertam gases / odores para o ambiente e que poder&atilde;o ser altamente prejudiciais para as nossas aves, tais como: lacas para o cabelo, verniz das unhas, ambientadores, perfumes, aeross&oacute;is, tintas, colas, velas perfumadas, naftalina, inseticidas, produtos de limpeza como o amon&iacute;aco e a lix&iacute;via, fumos de gasolina, produtos para desentupir canos e poliuretano (presente, por exemplo, em adesivos de alto desempenho, espumas expansivas, esponjas de lavar lou&ccedil;as, selantes...), entre outros.</p>\r\n<p>Ainda dentro da gama dos produtos utilizados no nosso quotidiano, cuidado extra com o tipo de material que se coloca a aquecer dentro do microondas. Existem casos comprovados de morte de aves por aquecimento de pl&aacute;sticos inadequados no microondas ou por sobreaquecimento de pl&aacute;stico no interior deste tipo de aparelhos.</p>\r\n<p>Cuidado redobrado, tamb&eacute;m, para situa&ccedil;&otilde;es de pinturas em casa. A ave dever&aacute; ser colocada num local o mais afastado poss&iacute;vel de quaisquer gases, fumos ou odores provenientes da &aacute;rea que est&aacute; a ser pintada.</p>\r\n<p>???? N&atilde;o se esque&ccedil;a...</p>\r\n<p>As aves t&ecirc;m um sistema respirat&oacute;rio muito sens&iacute;vel que poder&aacute; ficar irremediavelmente danificado quando sujeito &agrave; inala&ccedil;&atilde;o de determinados gases e fumos. Compete nos a n&oacute;s protege-las da exposi&ccedil;&atilde;o a esses perigos t&oacute;xicos por forma a cuidarmos ainda melhor delas. As nossas aves agradecem.</p>'),
(13, 'Qual a importância dos poleiros na saúde das nossas aves?', '<p>Sabia que a utiliza&ccedil;&atilde;o de poleiros adequados promove a sa&uacute;de das patas das nossas aves? Provavelmente &eacute; um tema que passar&aacute; despercebido, at&eacute; porque diversas gaiolas quando compradas trazem poleiros. Mas ser&atilde;o os mesmos efetivamente adequados para as nossas aves? A resposta &eacute;: nem todos. Vamos, ent&atilde;o, descobrir porqu&ecirc;.</p>\r\n<p>✅ TIPOLOGIA DE POLEIROS</p>\r\n<p>☑️ Os poleiros mais adequados s&atilde;o sem d&uacute;vida os de madeira natural. Poder&aacute; compr&aacute;-los em pet shops ou optar por fazer os poleiros, com o recurso a galhos de &aacute;rvores, mas, neste caso, dever&atilde;o ser tomadas algumas medidas antes de os inserir no interior da gaiola, nomeadamente:</p>\r\n<p>&raquo; Certifique-se que os galhos com os quais que ir&aacute; fazer os poleiros est&atilde;o livres de qu&iacute;micos ou pesticidas.</p>\r\n<p>&raquo; Proceda &agrave; limpeza e higieniza&ccedil;&atilde;o dos galhos antes de os colocar no interior da gaiola. N&atilde;o se esque&ccedil;a que outros tipos de animais e aves t&ecirc;m acesso a eles na natureza, podendo os mesmos portar parasitas e outros perigos para as nossas aves. Dever&aacute; proceder &agrave; sua lavagem com detergente neutro, passar abundantemente por &aacute;gua limpa e deixar secar ao sol, durante pelo menos 2 dias.</p>\r\n<p>&raquo; Atendendo a que os psitaciformes adoram roer, e os pr&oacute;prios poleiros s&atilde;o, tamb&eacute;m, uma fonte de entretenimento, a escolha do tipo de madeira a utilizar para os poleiros tamb&eacute;m &eacute; de crucial import&acirc;ncia, uma vez que alguns tipos de madeira s&atilde;o t&oacute;xicos. A utiliza&ccedil;&atilde;o de galhos de &aacute;rvores como a macieira, o pinheiro, o eucalipto, o medronheiro ou o sobreiro s&atilde;o algumas das escolhas mais seguras.</p>\r\n<p>☑️ Adicionalmente ao referido, tamb&eacute;m &eacute; recomend&aacute;vel a coloca&ccedil;&atilde;o de outros tipos de poleiros mais male&aacute;veis por forma a que a ave exercite as patas e as articula&ccedil;&otilde;es; como cordas de fibras naturais (como as de sisal ou algod&atilde;o). Mas aten&ccedil;&atilde;o, no caso espec&iacute;fico das cordas, as mesmas requerem uma vigil&acirc;ncia peri&oacute;dica e regular, para corte e elimina&ccedil;&atilde;o de fios soltos (que poder&atilde;o ser engolidos ou ficar presos nas unhas ou membros das nossas aves, tornando-se, assim perigosos para a sua sa&uacute;de e integridade).</p>\r\n<p>???? Dica: Se tiver espa&ccedil;o, poder&aacute;, ainda, optar pela coloca&ccedil;&atilde;o de uma pequena plataforma de madeira no interior da gaiola. N&atilde;o se esque&ccedil;a que na natureza as aves n&atilde;o pousam s&oacute; nos galhos das &aacute;rvores ????</p>\r\n<p>✅ TEXTURA E ESPESSURA DO POLEIRO</p>\r\n<p>Neste aspeto h&aacute; que ter em considera&ccedil;&atilde;o diversos fatores, nomeadamente:</p>\r\n<p>☑️ Os poleiros dever&atilde;o ser redondos e de diversas texturas (e nunca completamente lisos)</p>\r\n<p>☑️ Os poleiros n&atilde;o dever&atilde;o ser finos demais nem grossos demais. A sua espessura dever&aacute; variar de acordo com o tamanho da ave, tendo presente que a pata da ave abrace cerca de 3/5 do mesmo e nunca a sua totalidade (consulte a infografia existente no link 1 dos coment&aacute;rios).</p>\r\n<p>✅ QUANTIDADE E DISPOSI&Ccedil;&Atilde;O DOS POLEIROS NO INTERIOR DA GAIOLA</p>\r\n<p>☑️ A quantidade de poleiros existentes numa gaiola dever&aacute; variar de acordo com o tamanho da mesma. Nunca apenas um (at&eacute; porque ningu&eacute;m se imagina sentado numa cadeira a sua vida inteira). A Fundacion Kakatuwah, A.C aconselha a que cada gaiola tenha no m&iacute;nimo 3 poleiros, de diferentes espessuras e materiais.</p>\r\n<p>☑️ Os poleiros dever&atilde;o ser colocados de forma a que a ave possa movimentar-se &agrave; vontade no interior da gaiola sem que nenhuma parte do seu corpo toque noutros poleiros, paredes, grelha e topo da gaiola. Dever&atilde;o, tamb&eacute;m, estar afastados uns dos outros para permitir a realiza&ccedil;&atilde;o de pulos e de voos (mesmo que pequenos) entre os mesmos.</p>\r\n<p>‼️ Muito importante: n&atilde;o coloque poleiros em cima de bebedouros ou comedouros, por forma a n&atilde;o contaminar a comida ou a &aacute;gua com fezes. Tamb&eacute;m &eacute; importante n&atilde;o colocar poleiros numa zona diretamente abaixo de outros poleiros, para evitar que os mesmos fiquem sujos com fezes. N&atilde;o se esque&ccedil;a que as aves limpam o bico nos poleiros e poleiros contaminados colocam em risco a sa&uacute;de das mesmas.</p>\r\n<p>✅ TIPOLOGIAS DE POLEIROS DESACONSELHADOS E ALGUMAS DOEN&Ccedil;AS ASSOCIADAS</p>\r\n<p>⚠️ A utiliza&ccedil;&atilde;o de poleiros em metal e tubos em PVC &eacute; totalmente desaconselhada.</p>\r\n<p>⚠️ O uso de poleiros inadequados, n&atilde;o s&oacute; devido &agrave; sua tipologia, mas tamb&eacute;m &agrave;s suas caracter&iacute;sticas, poder&aacute; causar s&eacute;rios danos nas patas das aves, nomeadamente problemas ao n&iacute;vel das articula&ccedil;&otilde;es, surgimento do chamado &ldquo;espor&atilde;o&rdquo;, pododermatite, entre outras.</p>\r\n<p>???? Resumindo: a utiliza&ccedil;&atilde;o de poleiros adequados &eacute; fundamental para a sa&uacute;de das nossas aves. Opte sempre por poleiros de diferentes tipos, texturas e espessuras, por forma a possibilitar que a ave exercite as suas patas e as suas articula&ccedil;&otilde;es. A sa&uacute;de das nossas aves agradece&nbsp;</p>'),
(14, 'Qual a importância do banho na saúde das nossas aves?', '<p>Os psitaciformes s&atilde;o aves que, por natureza, gostam de tomar banho. Dependendo da esp&eacute;cie e da personalidade h&aacute; aves que gostam de tomar banho com maior frequ&ecirc;ncia do que outras. Na natureza as aves tomam banho e compete-nos a n&oacute;s enquanto tutores proporcionar-lhes esse momento durante todo o ano, uma vez que o banho traz imensos benef&iacute;cios, desde logo porque contribui para uma boa higiene da ave, para a limpeza das suas penas e da pele e para atenuar a comich&atilde;o provocada pelo nascimento de novos canh&otilde;es, contribuindo assim para que tenhamos aves mais saud&aacute;veis. O banho tamb&eacute;m se apresenta como uma forma de enriquecimento ambiental, uma vez que incentiva o desenvolvimento de comportamentos que a ave teria na natureza, contribuindo, assim, n&atilde;o s&oacute; para a sua sa&uacute;de f&iacute;sica como mental. Estando apresentados os benef&iacute;cios do banho, iremos, ent&atilde;o, ao longo desta publica&ccedil;&atilde;o falar sobres as formas que poder&atilde;o ser adotadas para incentivar e/ou proporcionar condi&ccedil;&otilde;es de banho &agrave;s nossas aves, frequ&ecirc;ncia e ambiente adequado, outros benef&iacute;cios adicionais e as consequ&ecirc;ncias da priva&ccedil;&atilde;o do banho.</p>\r\n<p>✅ DE QUE FORMA PODEMOS INCENTIVAR AS AVES A TOMAR BANHO?</p>\r\n<p>A forma como preferem tomar banho poder&aacute; variar de ave para ave. Nem todas gostam de tomar banho da mesma forma, n&atilde;o existindo, tamb&eacute;m, no caso das aves mais t&iacute;midas ou relutantes uma f&oacute;rmula exata para as incentivar a banharem-se. No entanto, e como em tudo na vida, a paci&ecirc;ncia e o bom senso s&atilde;o essenciais para o sucesso de qualquer prop&oacute;sito.</p>\r\n<p>Ent&atilde;o, de que forma, podemos incentivar as nossas aves a tomar banho?</p>\r\n<p>???? Banheira ou prato</p>\r\n<p>Para algumas aves bastar&aacute; colocar uma banheira (com um tamanho que permita a que a ave abra as asas &agrave; vontade) ou um prato com &aacute;gua no interior da gaiola para que elas tomem banho. Neste caso tenha em aten&ccedil;&atilde;o o local onde ir&aacute; colocar o prato ou banheira. Opte por zonas onde n&atilde;o existam poleiros por cima para evitar que a &aacute;gua fique contaminada com fezes; tendo, tamb&eacute;m, o cuidado de retirar o prato ou a banheira ap&oacute;s o banho.</p>\r\n<p>???? Verduras molhadas</p>\r\n<p>Algumas aves poder&atilde;o interpretar a inser&ccedil;&atilde;o de verduras molhadas no interior da gaiola como um est&iacute;mulo de banho e preferirem refrescar-se atrav&eacute;s da humidade existente nas verduras. Esta poder&aacute; ser uma boa estrat&eacute;gia para aves mais t&iacute;midas, n&atilde;o invalidando, no entanto que se disponibilize, em simult&acirc;neo, o prato ou banheira no interior da gaiola.</p>\r\n<p>???? A exist&ecirc;ncia de outras aves e o efeito de imita&ccedil;&atilde;o</p>\r\n<p>O facto de existirem por perto outras aves que gostem de tomar banho poder&aacute; ser um fator positivo e ajudar as mais inibidas a imitar as primeiras na hora do banho.</p>\r\n<p>???? Borrifador</p>\r\n<p>Outras aves poder&atilde;o necessitar de incentivo e gostar por exemplo do efeito de chuva miudinha provocada por um borrifador (neste caso aponte o borrifador para o ar e NUNCA para a ave, simulando o efeito da chuva). Se optar por este procedimento n&atilde;o encharque a ave com &aacute;gua, uma vez que tal poder&aacute; levar &agrave; descida da sua temperatura corporal. Adote uma atitude de comedimento e n&atilde;o de excesso porque se no caso do banho por iniciativa pr&oacute;pria a ave controla o grau de humidade nas penas, no caso do banho ser provocado pelo tutor esse autocontrolo deixa de existir. V&aacute; avaliando se a ave est&aacute; a gostar da &ldquo;chuvinha&rdquo;, n&atilde;o a for&ccedil;ando. Se optar pelo borrifador, tenha sempre o cuidado de o lavar com regularidade por forma a mant&ecirc;-lo sempre higienizado.</p>\r\n<p>???? Fio de &aacute;gua a correr</p>\r\n<p>No caso das aves que andem &agrave; solta em casa, estas, tamb&eacute;m, poder&atilde;o gostar de tomar banho, por exemplo, no lavat&oacute;rio, com um fio de &aacute;gua a correr suavemente. Aprenda a interpretar o comportamento da sua ave. H&aacute; aves que assim que ouvem o som de &aacute;gua a correr v&atilde;o de imediato para junto da torneira.</p>\r\n<p>‼️Um aspeto muito importante: NUNCA se deve for&ccedil;ar uma ave a tomar banho ‼️</p>\r\n<p>A ave dever&aacute; entender o banho como algo positivo e for&ccedil;&aacute;-la a tomar banho poder&aacute; fazer com que a mesma interprete o banho como um castigo.</p>\r\n<p>Saiba entender o comportamento da sua ave e tenha paci&ecirc;ncia. Uma ave que n&atilde;o queira continuar a tomar banho ou que n&atilde;o queira tomar banho de todo ir&aacute; afastar-se da &aacute;gua do banho. Uma que queira tomar banho ir&aacute; mostra-se feliz, abrir as penas e as asas e molhar-se.</p>\r\n<p>✅ FREQU&Ecirc;NCIA E AMBIENTE ADEQUADO AO BANHO</p>\r\n<p>???? O ideal ser&aacute; a ave tomar banho, no m&iacute;nimo, uma vez por semana.</p>\r\n<p>???? A melhor altura para proporcionar o banho dever&aacute; ser durante o per&iacute;odo diurno e numa altura em que a temperatura esteja agrad&aacute;vel. Tomar banho neste per&iacute;odo tamb&eacute;m permitir&aacute; que a ave seque totalmente antes que o dia arrefe&ccedil;a e antes da hora de recolhimento para dormir.</p>\r\n<p>???? Quando a ave tomar banho dever&aacute; faz&ecirc;-lo num ambiente temperado (por forma a evitar perigos de hipotermia), sem perigos de insola&ccedil;&atilde;o e sem correntes de ar.</p>\r\n<p>???? N&atilde;o dever&atilde;o ser utilizados produtos no banho da ave. A ave n&atilde;o necessita de champ&ocirc;. A utiliza&ccedil;&atilde;o destes produtos poder&aacute;, inclusivamente, trazer problemas ao n&iacute;vel da impermeabiliza&ccedil;&atilde;o das penas, entre outros.</p>\r\n<p>✅ OUTROS BENEF&Iacute;CIOS DO BANHO</p>\r\n<p>O banho, para al&eacute;m de ser uma forma de enriquecimento ambiental, estimula a ave a cuidar e a ajeitar as suas penas, por forma a arrum&aacute;-las e a orden&aacute;-las (o chamado &ldquo;preening&rdquo;). Este comportamento, que poder&aacute; ocupar cerca de 25% do per&iacute;odo de vig&iacute;lia da ave, &eacute; extremamente importante, uma vez que a ave quando ajeita e ordena as suas penas, estejam as mesmas molhadas ou secas, ir&aacute;, ainda, recolher secre&ccedil;&otilde;es da gl&acirc;ndula uropigial. Estas secre&ccedil;&otilde;es n&atilde;o s&oacute; contribuem para a impermeabiliza&ccedil;&atilde;o das penas, mas desempenham uma fun&ccedil;&atilde;o importante no processamento da vitamina D (t&atilde;o necess&aacute;ria para o refor&ccedil;o do sistema imunit&aacute;rio e para a absor&ccedil;&atilde;o de c&aacute;lcio pelas aves).</p>\r\n<p>Por aqui se percebe porque devemos sempre lavar as m&atilde;os antes de tocar numa ave. O contacto das penas, por exemplo, com o creme hidratante colocado nas m&atilde;os ou com o cheiro e res&iacute;duos de cigarro que ficam nos dedos de um tutor fumador s&atilde;o prejudiciais para a sa&uacute;de de uma ave.</p>\r\n<p>‼️ PRIVA&Ccedil;&Atilde;O DO BANHO ‼️</p>\r\n<p>A priva&ccedil;&atilde;o de banho poder&aacute; desencadear problemas de sa&uacute;de nas aves. Em PsittaCulture, Tony Silva refere que a priva&ccedil;&atilde;o de banho, para al&eacute;m de poder originar comportamentos de picacismo (arranque de penas), poder&aacute; causar doen&ccedil;as provocadas pelo excesso de p&oacute; resultante n&atilde;o s&oacute; da descama&ccedil;&atilde;o da pele morta como tamb&eacute;m produzido pelas penas. Este problema torna-se ainda maior em aves como cacatuas, caturras, papagaios amazonas ou papagaios cinzentos africanos, uma vez que estas aves produzem &ldquo;um p&oacute; que quando tocado deixa uma sensa&ccedil;&atilde;o empoeirada na m&atilde;o; este p&oacute; poder&aacute; cobrir a mob&iacute;lia, a gaiola e at&eacute; mesmo penetrar no interior de equipamento el&eacute;trico, causando danos. Tamb&eacute;m poder&aacute; causar pneumonite por hipersensibilidade&rdquo;.</p>\r\n<p>Resumindo, o banho &eacute; essencial para a sa&uacute;de das nossas aves. Ajuda-as a gastar energia, mant&eacute;m as suas penas e pele mais limpas e saud&aacute;veis e, ainda tem um papel fundamental no per&iacute;odo da muda da pena. Garantidos estes cuidados de higiene, at&eacute; os tutores poder&atilde;o beneficiar, nomeadamente aqueles que tenham problemas respirat&oacute;rios, uma vez que uma ave com bons h&aacute;bitos de higiene ser&aacute; uma ave que n&atilde;o reter&aacute; tanto p&oacute; entre as penas.</p>\r\n<p>A sa&uacute;de das nossas aves agradece ????</p>'),
(15, 'Qual a importância da localização da gaiola?', '<p>Tal como a sele&ccedil;&atilde;o da melhor gaiola, tamb&eacute;m a localiza&ccedil;&atilde;o da mesma no novo lar se apresenta como um fator muito importante para o bem-estar, seguran&ccedil;a e sa&uacute;de das nossas aves. Neste contexto, dentro de nossa casa h&aacute; locais a evitar e, dependendo da personalidade da ave, haver&aacute; zonas mais adequadas para se instalar a gaiola.</p>\r\n<p>✅ CARACTER&Iacute;STICAS DO MELHOR LOCAL</p>\r\n<p>&raquo; Salvo algumas exce&ccedil;&otilde;es ligadas &agrave; personalidade de algumas esp&eacute;cies, a generalidade das aves dever&aacute; ser alojada num local tranquilo e que n&atilde;o esteja sujeito &agrave; proximidade de circula&ccedil;&atilde;o e movimento permanentes (como &eacute; o caso concreto de corredores). Tenha, no entanto, em aten&ccedil;&atilde;o que o local escolhido n&atilde;o seja isolado e que facilite a socializa&ccedil;&atilde;o da ave com toda a fam&iacute;lia, por forma a que ela n&atilde;o se sinta negligenciada e possa interagir com todos.</p>\r\n<p>&raquo; Escolha um local arejado, idealmente pr&oacute;ximo a uma janela, possibilitando, assim, que a ave possa observar o exterior e manter-se entretida com o movimento externo quando o tutor n&atilde;o se encontra em casa. Neste caso tenha especial cuidado para que a ave n&atilde;o fique exposta a correntes de ar, que a gaiola tenha sempre uma zona de sombra permanente e n&atilde;o esteja sujeita constantemente a luz solar direta, evitando assim condi&ccedil;&otilde;es de sobreaquecimento. Por outro lado, h&aacute; que ter em conta que uma gaiola que esteja perto da janela n&atilde;o ir&aacute; permitir a rece&ccedil;&atilde;o de raios ultravioleta, pelo que desengane-se quem pensa que a ave apanha raios UV atrav&eacute;s do vidro, um vez que, neste caso, o vidro ir&aacute; servir de filtro a este tipo de raios. Sempre que puder possibilite que a sua ave apanhe banhos de sol (sem o filtro de vidro de janela), t&atilde;o importantes para a sua sa&uacute;de. Dever&aacute; faz&ecirc;-lo em horas adequadas, preferencialmente ao in&iacute;cio da manh&atilde; ou ao final da tarde, garantindo que uma parte da gaiola esteja &agrave; sombra, possibilitando, assim, que a ave possa abrigar-se do sol caso queira.</p>\r\n<p>✅ SEGURAN&Ccedil;A</p>\r\n<p>Garanta que ao menos um dos lados da gaiola esteja pr&oacute;ximo de uma parede, por forma a aumentar a sensa&ccedil;&atilde;o de seguran&ccedil;a e prote&ccedil;&atilde;o da ave.</p>\r\n<p>✅ POSICIONAMENTO</p>\r\n<p>A gaiola dever&aacute; ser posicionada sensivelmente ao n&iacute;vel dos nossos olhos. Gaiolas posicionadas a um n&iacute;vel inadequado poder&atilde;o levar a ave a desenvolver diversos tipos de comportamentos como ansiedade, superioridade ou isolamento.</p>\r\n<p>✅ ENTRETENIMENTO</p>\r\n<p>Lembre-se que os psitaciformes s&atilde;o aves muito ativas, que necessitam de estar entretidas e os brinquedos s&atilde;o uma grande ajuda neste sentido, atendendo a que para al&eacute;m de entretenimento garantem enriquecimento ambiental. Mas n&atilde;o s&oacute;. Segundo o grande nome da avicultura Tony Silva, uma televis&atilde;o ou um r&aacute;dio ligados na mesma divis&atilde;o onde est&aacute; a ave tamb&eacute;m poder&atilde;o ser fontes de entretenimento, n&atilde;o s&oacute; quando os tutores est&atilde;o em casa, mas tamb&eacute;m quando est&atilde;o fora. Por outro lado, para aves que tenham a capacidade de imitar sons tamb&eacute;m ser&aacute; &uacute;til, na medida em que poder&aacute; ser um est&iacute;mulo para tal.</p>\r\n<p>‼️ LOCAIS A EVITAR NA LOCALIZA&Ccedil;&Atilde;O DA GAIOLA ‼️</p>\r\n<p>&raquo; Evite a zona de entrada da casa, quer pela quest&atilde;o da proximidade de circula&ccedil;&atilde;o e movimento permanentes, quer pelo facto se ser um local que poder&aacute; facilitar fugas, caso a ave ande &agrave; solta pela casa</p>\r\n<p>&raquo; Evite a cozinha: a cozinha tem um sem n&uacute;mero de perigos relacionados principalmente com os fumos, vapores, odores e gases provenientes da utiliza&ccedil;&atilde;o de utens&iacute;lios ao lume ou do forno. Uma ave sujeita a vapores da cozinha est&aacute; sujeita a que as suas penas absorvam esses vapores, levando a que as penas fiquem mais oleosas. Ao n&atilde;o conseguir fazer convenientemente a limpeza das suas penas, a ave poder&aacute; desenvolver problemas de picacismo. Por outro lado h&aacute; outros perigos como os sistemas autom&aacute;ticos de limpeza de fornos ou as panelas e frigideiras antiaderentes (compostas por politetrafluoretileno - PTFE) que, sujeitos a altas temperaturas libertam gases altamente t&oacute;xicos para aves, podendo levar &agrave; sua morte.</p>\r\n<p>⚠️ PERIGOS DOM&Eacute;STICOS ⚠️</p>\r\n<p>Independentemente da localiza&ccedil;&atilde;o da gaiola, tenha, ainda, especial aten&ccedil;&atilde;o ao facto das aves serem seres extremamente sens&iacute;veis a muitas subst&acirc;ncias devendo os tutores salvaguard&aacute;-las de outros perigos dom&eacute;sticos, como acesso a fios el&eacute;tricos e tomadas; inala&ccedil;&atilde;o de incensos, velas perfumadas, perfumes, aeross&oacute;is, fumo de cigarro, desinfetantes (contendo cloro, fen&oacute;is e amon&iacute;aco), tintas e colas (uma vez que a sua composi&ccedil;&atilde;o poder&aacute; conter subst&acirc;ncias t&oacute;xicas); contacto com metais t&oacute;xicos, objetos de pequena dimens&atilde;o (como joalharia e outros artigos) ou plantas t&oacute;xicas (como por exemplo a poins&eacute;tia, oleandro ou a az&aacute;lea) tudo elementos altamente perigosos e potencialmente fatais para as nossa aves.</p>\r\n<p>???? Lembre-se: compete-nos a n&oacute;s, enquanto tutores, promover o melhor ambiente e condi&ccedil;&otilde;es &agrave;s aves que temos em casa, pelo que estes s&atilde;o alguns dos aspetos a ter em conta no ato de escolher o melhor local para a instala&ccedil;&atilde;o da gaiola e que poder&atilde;o fazer a diferen&ccedil;a no que toca ao bem-estar e sa&uacute;de das nossas aves. As nossas aves agradecem</p>'),
(16, 'Qual a importância da gaiola?', '<p>Tal como quando procuramos uma casa para morarmos, tamb&eacute;m na compra de uma gaiola para as nossas aves, deveremos ter em conta uma s&eacute;rie de caracter&iacute;sticas que ir&atilde;o contribuir para a melhor escolha e para que a ave tenha o melhor ambiente e condi&ccedil;&otilde;es de habitabilidade. A tarefa n&atilde;o &eacute; f&aacute;cil, principalmente quando nos deparamos com uma s&eacute;rie de solu&ccedil;&otilde;es existentes no mercado. Mas ser&atilde;o essas solu&ccedil;&otilde;es as melhores? Nem todas.</p>\r\n<p>Neste artigo iremos descrever alguns dos principais aspetos que devemos ter em conta quando compramos uma gaiola para a nossa ave, nomeadamente o tamanho, formato, materiais, cuidados de manuten&ccedil;&atilde;o e outras caracter&iacute;sticas.</p>\r\n<p>✅ SOBRE O TAMANHO</p>\r\n<p>Quanto maior for o tamanho da gaiola mais feliz a ave ser&aacute;.</p>\r\n<p>A gaiola &eacute; o espa&ccedil;o onde a ave ir&aacute; passar a maior parte da sua exist&ecirc;ncia. Este fator &eacute; ainda mais relevante quando nos referimos a aves que n&atilde;o foram criadas &agrave; m&atilde;o e que, portanto, n&atilde;o ter&atilde;o possibilidade de estar fora da gaiola diariamente. A escolha do tamanho da gaiola dever&aacute; ter em conta a esp&eacute;cie, o tamanho da ave e a quantidade de aves que ir&atilde;o estar no seu interior. Um espa&ccedil;o pequeno ir&aacute; contribuir para o aumento do n&iacute;vel stress da ave que n&atilde;o conseguir&aacute; libertar a sua energia devido &agrave; limita&ccedil;&atilde;o do espa&ccedil;o envolvente.</p>\r\n<p>Por outro lado h&aacute; que garantir que a gaiola &eacute; suficientemente grande por forma a que a ave, uma vez no seu interior, n&atilde;o toque com a cabe&ccedil;a no seu topo nem com a cauda na sua base e possa fazer voos curtos. Dever&aacute;, igualmente, ser suficientemente ampla, por forma a que a ave possa abrir as asas em todas as dire&ccedil;&otilde;es sem que as mesmas toquem nas barras laterais da gaiola.</p>\r\n<p>Em Psittaculture Tony Silva menciona que autores como Catlin defendem que a largura m&iacute;nima da gaiola dever&aacute; corresponder a uma vez e meia a envergadura das asas.</p>\r\n<p>De salientar que, em Portugal existe legisla&ccedil;&atilde;o especifica abre este tema &ndash; nomeadamente o Decreto-Lei n.&ordm; 260/2012, de 12 de dezembro (que veio alterar o DL 276/2001) - que estabelece a aplicabilidade da Conven&ccedil;&atilde;o Europeia para a Prote&ccedil;&atilde;o dos Animais de Companhia, e que, entre outros aspetos, regula as dimens&otilde;es m&iacute;nimas das gaiolas, podendo o seu incumprimento ser punido por lei.</p>\r\n<p>✅ FORMATO</p>\r\n<p>Atendendo &agrave; dire&ccedil;&atilde;o natural do voo, que &eacute; feito na horizontal - dever&aacute; ser dada prefer&ecirc;ncia a gaiolas retangulares cujo lado maior seja o comprimento, e n&atilde;o a altura. As gaiolas redondas, apesar de bonitas, s&atilde;o completamente desaconselhadas, uma vez que a ave perde a no&ccedil;&atilde;o do espa&ccedil;o e n&atilde;o tem um canto onde possa proteger-se, facto que poder&aacute; provocar comportamentos de stress.</p>\r\n<p>✅ MATERIAIS</p>\r\n<p>&raquo; D&ecirc; prefer&ecirc;ncia a gaiolas fabricadas em a&ccedil;o inoxid&aacute;vel.</p>\r\n<p>Para al&eacute;m de ser um material n&atilde;o t&oacute;xico, que at&eacute; pode ser utilizado em comedouros, o a&ccedil;o inoxid&aacute;vel tem maior durabilidade e resist&ecirc;ncia.</p>\r\n<p>&raquo; Se as grades forem pintadas certifique-se junto do fabricante de que as tintas utilizadas n&atilde;o cont&ecirc;m componentes t&oacute;xicos como zinco ou chumbo.</p>\r\n<p>&raquo; No caso de gaiolas galvanizadas, Tony Silva, em Psittaculture aconselha a que as mesmas sejam, previamente, limpas com uma mistura de vinagre antes da sua utiliza&ccedil;&atilde;o.</p>\r\n<p>&raquo; Tenha aten&ccedil;&atilde;o a que as grades n&atilde;o sejam plastificadas. Se por exemplo, para um can&aacute;rio esta tipologia de grades n&atilde;o constitui um problema, no caso dos psitac&iacute;deos &eacute;, uma vez que s&atilde;o aves que adoram roer e a ingest&atilde;o deste tipo de materiais poder&aacute; provocar s&eacute;rios problemas de sa&uacute;de.</p>\r\n<p>&raquo; Tenha, tamb&eacute;m, em aten&ccedil;&atilde;o que gaiolas com partes em madeira podem ser facilmente \"ro&iacute;das\", levando &agrave; fuga da ave.</p>\r\n<p>✅ OUTRAS CARACTER&Iacute;STICAS</p>\r\n<p>&raquo; Opte por gaiolas que tenham grade a separar a zona de bandeja onde ficam depositadas as fezes e os restos de comida, por forma &agrave; ave n&atilde;o conseguir ter acesso a estes res&iacute;duos.</p>\r\n<p>&raquo; O espa&ccedil;amento entre grades n&atilde;o dever&aacute; permitir a passagem da cabe&ccedil;a ou asas entre elas.</p>\r\n<p>&raquo; N&atilde;o esquecer que os psitac&iacute;deos gostam de se exercitar e, por isso, dever&aacute; ser dada prefer&ecirc;ncia a gaiolas com grades de orienta&ccedil;&atilde;o horizontal, por forma a que a ave possa utilizar as grades como parede de escalada.</p>\r\n<p>&raquo; Tenha aten&ccedil;&atilde;o a que as partes soldadas estejam bem feitas e a um bom sistema de fecho de portas, uma vez que os psitac&iacute;deos aprendem com grande facilidade a abrir portas (especialmente as de correr).</p>\r\n<p>✅ MANUTEN&Ccedil;&Atilde;O</p>\r\n<p>A sa&uacute;de da sua ave depender&aacute; da limpeza da gaiola.</p>\r\n<p>&raquo; Prefira gaiolas com formatos regulares que sejam f&aacute;ceis de limpar, sem excesso de &acirc;ngulos ou pormenores que dificultem a limpeza.</p>\r\n<p>&raquo; Limpe a gaiola periodicamente e tenha aten&ccedil;&atilde;o ao seu estado. Verifique que, com o seu uso, n&atilde;o apresente zonas enferrujadas.</p>\r\n<p>‼️N&Atilde;O SE ESQUE&Ccedil;A‼️</p>\r\n<p>A gaiola &eacute;, sem d&uacute;vida, muito importante para o bem-estar e sa&uacute;de de qualquer ave e cabe-nos a n&oacute;s, enquanto tutores, promover esse bem-estar e cuidar das aves que temos em casa. Ao escolher uma gaiola para a sua ave tenha em aten&ccedil;&atilde;o as recomenda&ccedil;&otilde;es fornecidas neste artigo. N&atilde;o se esque&ccedil;a: quanto maior for a gaiola, mais feliz ser&aacute; a ave. At&eacute; porque certamente ningu&eacute;m se imagina a viver num espa&ccedil;o do tamanho da divis&atilde;o da sua casa de banho.</p>\r\n<p>As nossas aves agradecem!</p>');

-- --------------------------------------------------------

--
-- Estrutura da tabela `freguesias`
--

CREATE TABLE `freguesias` (
  `freguesiaid` int(11) NOT NULL,
  `concelhoid` int(11) NOT NULL,
  `freguesia` varchar(150) NOT NULL
) ENGINE=InnoDB DEFAULT CHARSET=latin1;

--
-- Extraindo dados da tabela `freguesias`
--

INSERT INTO `freguesias` (`freguesiaid`, `concelhoid`, `freguesia`) VALUES
(1, 1, 'Aguada de Cima'),
(2, 1, 'Águeda e Borralha'),
(3, 1, 'Barrô e Aguada de Baixo'),
(4, 1, 'Belazaima do Chão, Castanheira do Vouga e Agadão'),
(5, 1, 'Fermentelos'),
(6, 1, 'Macinhata do Vouga'),
(7, 1, 'Préstimo e Macieira de Alcoba'),
(8, 1, 'Recardães e Espinhel'),
(9, 1, 'Travessô e Óis da Ribeira'),
(10, 1, 'Trofa, Segadães e Lamas do Vouga'),
(11, 1, 'Valongo do Vouga'),
(12, 2, 'Albergaria-a-Velha e Valmaior'),
(13, 2, 'Alquerubim'),
(14, 2, 'Angueja'),
(15, 2, 'Branca'),
(16, 2, 'Ribeira de Fráguas'),
(17, 2, 'São João de Loure e Frossos'),
(18, 3, 'Amoreira e Gândara, Paredes do Bairro e Ancas'),
(19, 3, 'Arcos e Mogofores'),
(20, 3, 'Avelãs de Caminho'),
(21, 3, 'Avelãs de Cima'),
(22, 3, 'Moita'),
(23, 3, 'Sangalhos'),
(24, 3, 'São Lourenço do Bairro'),
(25, 3, 'Tamengos, Aguim e Óis do Bairro'),
(26, 3, 'Vila Nova do Monsarros'),
(27, 3, 'Vilarinho do Bairro'),
(28, 4, 'Alvarenga'),
(29, 4, 'Arouca e Burgo'),
(30, 4, 'Cabreiros e Albergaria da Serra'),
(31, 4, 'Canelas e Espiunca'),
(32, 4, 'Chave'),
(33, 4, 'Covelo de Paivó e Janarde'),
(34, 4, 'Escariz'),
(35, 4, 'Fermedo'),
(36, 4, 'Mansores'),
(37, 4, 'Moldes'),
(38, 4, 'Rossas'),
(39, 4, 'Santa Eulália'),
(40, 4, 'São Miguel do Mato'),
(41, 4, 'Tropeço'),
(42, 4, 'Urrô'),
(43, 4, 'Várzea'),
(44, 5, 'Aradas'),
(45, 5, 'Cacia'),
(46, 5, 'Eixo e Eirol'),
(47, 5, 'Esgueira'),
(48, 5, 'Glória e Vera Cruz'),
(49, 5, 'Oliveirinha'),
(50, 5, 'Requeixo, Nossa Senhora de Fátima e Nariz'),
(51, 5, 'Santa Joana'),
(52, 5, 'São Bernardo'),
(53, 5, 'São Jacinto'),
(54, 6, 'Fornos'),
(55, 6, 'Raiva, Pedorido e Paraíso'),
(56, 6, 'Real'),
(57, 6, 'Santa Maria da Sardoura'),
(58, 6, 'Sobrado e Bairros'),
(59, 7, 'Anta e Guetim'),
(60, 7, 'Espinho'),
(61, 7, 'Paramos'),
(62, 7, 'Silvalde'),
(63, 8, 'Avanca'),
(64, 8, 'Beduído e Veiros'),
(65, 8, 'Canelas e Fermelã'),
(66, 8, 'Pardilhó'),
(67, 8, 'Salreu'),
(68, 9, 'Gafanha da Encarnação'),
(69, 9, 'Gafanha da Nazaré'),
(70, 9, 'Gafanha do Carmo'),
(71, 9, 'Ílhavo (São Salvador)'),
(72, 10, 'Barcouço'),
(73, 10, 'Casal Comba'),
(74, 10, 'Luso'),
(75, 10, 'Mealhada, Ventosa do Bairro e Antes'),
(76, 10, 'Pampilhosa'),
(77, 10, 'Vacariça'),
(78, 11, 'Bunheiro'),
(79, 11, 'Monte'),
(80, 11, 'Murtosa'),
(81, 11, 'Torreira'),
(82, 12, 'Carregosa'),
(83, 12, 'Cesar'),
(84, 12, 'Fajões'),
(85, 12, 'Loureiro'),
(86, 12, 'Macieira de Sarnes'),
(87, 12, 'Nogueira do Cravo e Pindelo'),
(88, 12, 'O. Azemeis, Riba-UI,UI, Macinhata Seixa, Madail'),
(89, 12, 'Ossela'),
(90, 12, 'Pinheiro da Bemposta, Travanca e Palmaz'),
(91, 12, 'São Martinho da Gândara'),
(92, 12, 'São Roque'),
(93, 12, 'Vila de Cucujães'),
(94, 13, 'Bustos, Troviscal e Mamarrosa'),
(95, 13, 'Oiã'),
(96, 13, 'Oliveira do Bairro'),
(97, 13, 'Palhaça'),
(98, 14, 'Cortegaça'),
(99, 14, 'Esmoriz'),
(100, 14, 'Maceda'),
(101, 14, 'Ovar, São João, Arada e S.Vicente de Pereira Jusã'),
(102, 14, 'Válega'),
(103, 15, 'Argoncilhe'),
(104, 15, 'Arrifana'),
(105, 15, 'Caldas de São Jorge e Pigeiros'),
(106, 15, 'Canedo, Vale e Vila Maior'),
(107, 15, 'Escapães'),
(108, 15, 'Fiães'),
(109, 15, 'Fornos'),
(110, 15, 'Lobão, Gião, Louredo e Guisande'),
(111, 15, 'Lourosa'),
(112, 15, 'Milheirós de Poiares'),
(113, 15, 'Mozelos'),
(114, 15, 'Nogueira da Regedoura'),
(115, 15, 'Paços de Brandão'),
(116, 15, 'Rio Meão'),
(117, 15, 'Romariz'),
(118, 15, 'Sanguedo'),
(119, 15, 'Santa Maria da Feira, Travanca, Sanfins e Espargo'),
(120, 15, 'Santa Maria de Lamas'),
(121, 15, 'São João de Ver'),
(122, 15, 'São Miguel do Souto e Mosteirô'),
(123, 15, 'São Paio de Oleiros'),
(124, 17, 'Cedrim e Paradela'),
(125, 17, 'Couto de Esteves'),
(126, 17, 'Pessegueiro do Vouga'),
(127, 17, 'Rocas do Vouga'),
(128, 17, 'Sever do Vouga'),
(129, 17, 'Silva Escura e Dornelas'),
(130, 17, 'Talhadas'),
(131, 18, 'Calvão'),
(132, 18, 'Fonte de Agião e Covão do Lobo'),
(133, 18, 'Gafanha da Boa Hora'),
(134, 18, 'Ouca'),
(135, 18, 'Ponte de Vagos e Santa Catarina'),
(136, 18, 'Santo André de Vagos'),
(137, 18, 'Sosa'),
(138, 18, 'Vagos e Santo António'),
(139, 19, 'Arões'),
(140, 19, 'Cepelos'),
(141, 19, 'Junqueira'),
(142, 19, 'Macieira de Cambra'),
(143, 19, 'Roge'),
(144, 19, 'São Pedro de Castelões'),
(145, 19, 'Vila Chã, Codal e Vila Cova de Perrinho'),
(146, 20, 'Aljustrel e Rio de Moinhos'),
(147, 20, 'Ervidel'),
(148, 20, 'Messejana'),
(149, 20, 'São João de Negrilhos'),
(150, 21, 'Aldeia dos Fernandes'),
(151, 21, 'Almodôvar e Graça dos Padrões'),
(152, 21, 'Rosário'),
(153, 21, 'Santa Clara-a-Nova e Gomes Aires'),
(154, 21, 'Santa Cruz'),
(155, 21, 'São Barnabé'),
(156, 22, 'Alvito'),
(157, 22, 'Vila Nova da Baronia'),
(158, 23, 'Barrancos'),
(159, 24, 'Albernoa e Trindade'),
(160, 24, 'Baleizão'),
(161, 24, 'Beja (Salvador e Santa Maria da Feira)'),
(162, 24, 'Beja (São Tiago Maior e São João Baptista)'),
(163, 24, 'Beringel'),
(164, 24, 'Cabeça Gorda'),
(165, 24, 'Nossa Senhora das Neves'),
(166, 24, 'Salvada e Quintos'),
(167, 24, 'Santa Clara de Louredo'),
(168, 24, 'Santa Vitória de Monbeja'),
(169, 24, 'São Matias'),
(170, 24, 'Trigaches e São Brissos'),
(171, 25, 'Castro Verde e Casével'),
(172, 25, 'Entradas'),
(173, 25, 'Santa Bárbara de Padrões'),
(174, 25, 'São Marcos da Ataboeira'),
(175, 26, 'Cuba'),
(176, 26, 'Faro do Alentejo'),
(177, 26, 'Vila Alva'),
(178, 26, 'Vila Ruiva'),
(179, 27, 'Alfundão e Peroguarda'),
(180, 27, 'Ferreira do Alentejo e Canhestros'),
(181, 27, 'Figueira dos Cavaleiros'),
(182, 27, 'Odivelas'),
(183, 28, 'Alcaria Ruiva'),
(184, 28, 'Corte do Pinto'),
(185, 28, 'Espírito Santo'),
(186, 28, 'Mértola'),
(187, 28, 'S.Mig. Pinheiro, S.Pedro Solis, S.Sebastião Carros'),
(188, 28, 'Santana de Cambas'),
(189, 28, 'São João dos Caldeireiros'),
(190, 29, 'Amareleja'),
(191, 29, 'Póvoa de São Miguel'),
(192, 29, 'Safara e Santo Aleixo da Restauração'),
(193, 29, 'Santo Agostinho e São João Baptista e Santo Amador'),
(194, 29, 'Sobral da Adiça'),
(195, 30, 'Boa Vista dos Pinheiros'),
(196, 30, 'Colos'),
(197, 30, 'Longueira/Almograve'),
(198, 30, 'Luzianes-Gare'),
(199, 30, 'Relíquias'),
(200, 30, 'Sabóia'),
(201, 30, 'Santa Clara-a-Velha'),
(202, 30, 'São Luis'),
(203, 30, 'São Martinho das Amoreiras'),
(204, 30, 'São Salvador e Santa Maria'),
(205, 30, 'São Teotónio'),
(206, 30, 'Vale de Santiago'),
(207, 30, 'Vila Nova de Milfontes'),
(208, 31, 'Garvão e Santa Luzia'),
(209, 31, 'Ourique'),
(210, 31, 'Panoias e Conceição'),
(211, 31, 'Santana da Serra'),
(212, 32, 'Brinches'),
(213, 32, 'Pias'),
(214, 32, 'Serpa (Salvador e Santa Maria)'),
(215, 32, 'Vila Nova de São Bento e Vale de Vargo'),
(216, 32, 'Vila Verde de Ficalho'),
(217, 33, 'Pedrógão'),
(218, 33, 'Selmes'),
(219, 33, 'Vidigueira'),
(220, 33, 'Vila de Frades'),
(221, 34, 'Amares e Figueiredo'),
(222, 34, 'Barreiros'),
(223, 34, 'Bico'),
(224, 34, 'Bouro (Santa Maria)'),
(225, 34, 'Bouro (Santa Marta)'),
(226, 34, 'Caires'),
(227, 34, 'Caldelas, Sequeiros e Paranhos'),
(228, 34, 'Carrazedo'),
(229, 34, 'Dornelas'),
(230, 34, 'Ferreiros, Prozelo e Besteiros'),
(231, 34, 'Fiscal'),
(232, 34, 'Goães'),
(233, 34, 'Lago'),
(234, 34, 'Rendufe'),
(235, 34, 'Torre e Portela'),
(236, 34, 'Vilela, Serramil e Paredes Secas'),
(237, 35, 'Abade de Neiva'),
(238, 35, 'Aborim'),
(239, 35, 'Adães'),
(240, 35, 'Airó'),
(241, 35, 'Aldreu'),
(242, 35, 'Alheira e Igreja Nova'),
(243, 35, 'Alvelos'),
(244, 35, 'Alvito (São Pedro e São Martinho) e Couto'),
(245, 35, 'Arcozelo'),
(246, 35, 'Areias'),
(247, 35, 'Areias de Vilar e Encourados'),
(248, 35, 'Balugães'),
(249, 35, 'Barcelinhos'),
(250, 35, 'Barcelos, V.Boa, V.Frescainha'),
(251, 35, 'Barqueiros'),
(252, 35, 'Cambeses'),
(253, 35, 'Campo e Tamel (São Pedro Fins)'),
(254, 35, 'Carapeços'),
(255, 35, 'Carreira e Fonte Coberta'),
(256, 35, 'Carvalhal'),
(257, 35, 'Carvalhos'),
(258, 35, 'Chorente, Góios, Courel, Pedra Furada e Gueral'),
(259, 35, 'Cossourado'),
(260, 35, 'Creixomil e Mariz'),
(261, 35, 'Cristelo'),
(262, 35, 'Durrães e Tregosa'),
(263, 35, 'Fornelos'),
(264, 35, 'Fragoso'),
(265, 35, 'Galegos (Santa Maria)'),
(266, 35, 'Galegos (São Martinho)'),
(267, 35, 'Gamil e Midões'),
(268, 35, 'Gilmonde'),
(269, 35, 'Lama'),
(270, 35, 'Lijó'),
(271, 35, 'Macieira de Rates'),
(272, 35, 'Manhente'),
(273, 35, 'Martim'),
(274, 35, 'Milhazes, Vilar de Figos e Faria'),
(275, 35, 'Moure'),
(276, 35, 'Negreiros e Chavão'),
(277, 35, 'Oliveira'),
(278, 35, 'Palme'),
(279, 35, 'Panque'),
(280, 35, 'Paradela'),
(281, 35, 'Pereira'),
(282, 35, 'Perelhal'),
(283, 35, 'Pousa'),
(284, 35, 'Quintiães e Aguiar'),
(285, 35, 'Remelhe'),
(286, 35, 'Rio Covo (Santa Eugénia)'),
(287, 35, 'Roriz'),
(288, 35, 'Sequeada e Bastuço (São João e Santo Estevão)'),
(289, 35, 'Silva'),
(290, 35, 'Silveiros e Rio Covo (Santa Eulália)'),
(291, 35, 'Tamel (Santa Leocádia) e Vilar do Monte'),
(292, 35, 'Tamel (São Verissimo)'),
(293, 35, 'Ucha'),
(294, 35, 'Várzea'),
(295, 35, 'Viatodos, Grimancelos, Minhotães, Monte Fralães'),
(296, 35, 'Vila Cova e Feitos'),
(297, 35, 'Vila Seca'),
(298, 36, 'Adaufe'),
(299, 36, 'Arentim e Cunha'),
(300, 36, 'Braga (Maximinos, Sé e Cividade)'),
(301, 36, 'Braga (São José de São Lázaro e São João do Souto)'),
(302, 36, 'Braga (São Vicente)'),
(303, 36, 'Braga (São Vítor)'),
(304, 36, 'Cabreiros e Passos (São Julião)'),
(305, 36, 'Celeirós, Aveleda e Vimieiro'),
(306, 36, 'Crespos e Pousada'),
(307, 36, 'Escudeiros e Penso (Santo Estevão e São Vicente)'),
(308, 36, 'Espinho'),
(309, 36, 'Esporões'),
(310, 36, 'Este (São Pedro e São Mamede)'),
(311, 36, 'Ferreiros e Gondizalves'),
(312, 36, 'Figeiredo'),
(313, 36, 'Gualter'),
(314, 36, 'Guisande e Oliveira (São Pedro)'),
(315, 36, 'Lamas'),
(316, 36, 'Lomar e Arcos'),
(317, 36, 'Merelim (São Paio), Panoias e Parada de Tibães'),
(318, 36, 'Merelim (São Pedro) e Frossos'),
(319, 36, 'Mire de Tibães'),
(320, 36, 'Morreira e Trandeiras'),
(321, 36, 'Nogueira, Fraião e Lamaçães'),
(322, 36, 'Nogueiró e Tenões'),
(323, 36, 'Padim da Graça'),
(324, 36, 'Palmeira'),
(325, 36, 'Pedralva'),
(326, 36, 'Priscos'),
(327, 36, 'Real, Dume e Semelhe'),
(328, 36, 'Ruilhe'),
(329, 36, 'Santa Lucrécia de Algeriz e Navarra'),
(330, 36, 'Sequeira'),
(331, 36, 'Sobreposta'),
(332, 36, 'Tadim'),
(333, 36, 'Tebosa'),
(334, 36, 'Vilaça e Fradelos'),
(335, 37, 'Abadim'),
(336, 37, 'Alvite e Passos'),
(337, 37, 'Arco de Baúlhe e Vila Nune'),
(338, 37, 'Basto'),
(339, 37, 'Bucos'),
(340, 37, 'Cabeceiras de Basto'),
(341, 37, 'Cavez'),
(342, 37, 'Faia'),
(343, 37, 'Gondiães e Vilar de Cunhas'),
(344, 37, 'Pedraça'),
(345, 37, 'Refojos de Basto, Outeiro e Painzela'),
(346, 37, 'Rio Douro'),
(347, 38, 'Agilde'),
(348, 38, 'Arnoia'),
(349, 38, 'Basto (São Clemente)'),
(350, 38, 'Borba de Montanha'),
(351, 38, 'Britelo, Gémeos e Ourilhe'),
(352, 38, 'Caçarilhe e Infesta'),
(353, 38, 'Canedo de Basto e Corgo'),
(354, 38, 'Carvalho e Basto (Santa Tecla)'),
(355, 38, 'Codeçoso'),
(356, 38, 'Fervença'),
(357, 38, 'Moreira do Castelo'),
(358, 38, 'Rego'),
(359, 38, 'Ribas'),
(360, 38, 'Vale de Bouro'),
(361, 38, 'Veade, Gagos e Molares'),
(362, 39, 'Antas'),
(363, 39, 'Apúlia e Fão'),
(364, 39, 'Belinho e Mar'),
(365, 39, 'Esposende, Marinhas e Gandra'),
(366, 39, 'Fonte Boa e Rio Tinto'),
(367, 39, 'Forjães'),
(368, 39, 'Gemeses'),
(369, 39, 'Palmeira de Faro e Curvos'),
(370, 39, 'Vila Chã'),
(371, 40, 'Aboim, Felgueiras, Gontim e Pedraído'),
(372, 40, 'Agrela e Serafão'),
(373, 40, 'Antime e Silvares (São Clemente)'),
(374, 40, 'Ardegão, Arnozela e Seidões'),
(375, 40, 'Armil'),
(376, 40, 'Arões (Santa Cristina)'),
(377, 40, 'Arões (São Romão)'),
(378, 40, 'Cepães E Fareja'),
(379, 40, 'Estorãos'),
(380, 40, 'Fafe'),
(381, 40, 'Fornelos'),
(382, 40, 'Freitas e Vila Cova'),
(383, 40, 'Golães'),
(384, 40, 'Medelo'),
(385, 40, 'Monte e Queimadela'),
(386, 40, 'Moreira do Rei e Várzea Cova'),
(387, 40, 'Passos'),
(388, 40, 'Quinchães'),
(389, 40, 'Regadas'),
(390, 40, 'Revelhe'),
(391, 40, 'Ribeiros'),
(392, 40, 'São Gens'),
(393, 40, 'Silvares (São Martinho)'),
(394, 40, 'Travassós'),
(395, 40, 'Vinhós'),
(396, 41, 'Abração e Gémeos'),
(397, 41, 'Airão Santa Maria, Airão São João e Vermil'),
(398, 41, 'Aldão'),
(399, 41, 'Arosa e Castelões'),
(400, 41, 'Atães e Rendufe'),
(401, 41, 'Azurém'),
(402, 41, 'Barco'),
(403, 41, 'Briteiros Santo Estêvão e Donim'),
(404, 41, 'Briteiros São Salvador e Briteiros Santa Leocádia'),
(405, 41, 'Brito'),
(406, 41, 'Caldelas'),
(407, 41, 'Candoso (São Martinho)'),
(408, 41, 'Candoso São Tiago e Mascotelos'),
(409, 41, 'Conde e Gandarela'),
(410, 41, 'Costa'),
(411, 41, 'Creixomil'),
(412, 41, 'Fermentões'),
(413, 41, 'Gonça'),
(414, 41, 'Gondar'),
(415, 41, 'Guardizela'),
(416, 41, 'Infantas'),
(417, 41, 'Leitões, Oleiros e Figueiredo'),
(418, 41, 'Longos'),
(419, 41, 'Lordelo'),
(420, 41, 'Mesão Frio'),
(421, 41, 'Moreira de Cónegos'),
(422, 41, 'Nespereira'),
(423, 41, 'Oliveira, São Paio e São Sebastião'),
(424, 41, 'Pencelo'),
(425, 41, 'Pinheiro'),
(426, 41, 'Polvoreira'),
(427, 41, 'Ponte'),
(428, 41, 'Prazins (Santa Eufémia)'),
(429, 41, 'Prazins Santo Tirso e Corvite'),
(430, 41, 'Ronfe'),
(431, 41, 'Sande (São Martinho)'),
(432, 41, 'Sande São Lourenço e Balazar'),
(433, 41, 'Sande vila Nova e Sande São Clemente'),
(434, 41, 'São Torcato'),
(435, 41, 'Selho (São Cristóvão)'),
(436, 41, 'Selho (São Jorge)'),
(437, 41, 'Selho São Lourenço e Gominhães'),
(438, 41, 'Serzedelo'),
(439, 41, 'Serzedo e Calvos'),
(440, 41, 'Silvares'),
(441, 41, 'Souto Santa Maria, Souto São Salvador e Gondomar'),
(442, 41, 'Tabuadelo e São Faustino'),
(443, 41, 'Urgezes'),
(444, 42, 'Águas Santas e Moure'),
(445, 42, 'Calves e Frades'),
(446, 42, 'Campos e Louredo'),
(447, 42, 'Covelas'),
(448, 42, 'Esperança e Brunhais'),
(449, 42, 'Ferreiros'),
(450, 42, 'Fonte Arcada e Oliveira'),
(451, 42, 'Galegos'),
(452, 42, 'Garfe'),
(453, 42, 'Geraz do Minho'),
(454, 42, 'Lanhoso'),
(455, 42, 'Monsul'),
(456, 42, 'Póvos de Lanhoso (Nossa Senhora do Amparo)'),
(457, 42, 'Rendufinho'),
(458, 42, 'Santo Emilião'),
(459, 42, 'São João de Rei'),
(460, 42, 'Serzedelo'),
(461, 42, 'Sobradelo da Goma'),
(462, 42, 'Taíde'),
(463, 42, 'Travassos'),
(464, 42, 'Verim, Friande e Ajude'),
(465, 42, 'Vilela'),
(466, 43, 'Balança'),
(467, 43, 'Campo do Gerês'),
(468, 43, 'Carvalheira'),
(469, 43, 'Chamoim e Vilar'),
(470, 43, 'Chorense e Monte'),
(471, 43, 'Cibões e Brufe'),
(472, 43, 'Covide'),
(473, 43, 'Gondoriz'),
(474, 43, 'Moimenta'),
(475, 43, 'Ribeira'),
(476, 43, 'Rio Caldo'),
(477, 43, 'Souto'),
(478, 43, 'Valdosende'),
(479, 43, 'Vilar da Veiga'),
(480, 44, 'Anissó e Soutelo'),
(481, 44, 'Anjos e Vilar do Chão'),
(482, 44, 'Caniçada e Soengas'),
(483, 44, 'Cantelães'),
(484, 44, 'Eira Vedra'),
(485, 44, 'Guilhofrei'),
(486, 44, 'Louredo'),
(487, 44, 'Mosteiro'),
(488, 44, 'Parada do Bouro'),
(489, 44, 'Pinheiro'),
(490, 44, 'Rossas'),
(491, 44, 'Ruivães e Campos'),
(492, 44, 'Salamonde'),
(493, 44, 'Tabuaças'),
(494, 44, 'Ventosa e Cova'),
(495, 44, 'Vieira do Minho'),
(496, 45, 'Antas e Abade de Vermoim'),
(497, 45, 'Arnoso (Santa Maria e Santa Eulália) e Suzeres'),
(498, 45, 'Avidos e Lagoa'),
(499, 45, 'Bairro'),
(500, 45, 'Brufe'),
(501, 45, 'Carreira e Bente'),
(502, 45, 'Castelões'),
(503, 45, 'Cruz'),
(504, 45, 'Delães'),
(505, 45, 'Esmoriz e Cabeçudos'),
(506, 45, 'Fradelos'),
(507, 45, 'Gavião'),
(508, 45, 'Gondifelos, Cavalões e Outiz'),
(509, 45, 'Joane'),
(510, 45, 'Landim'),
(511, 45, 'Lemenhe, Mouquim e Jesufrei'),
(512, 45, 'Louro'),
(513, 45, 'Lousado'),
(514, 45, 'Mogege'),
(515, 45, 'Nine'),
(516, 45, 'Oliveira (Santa Maria)'),
(517, 45, 'Oliveira (São Mateus)'),
(518, 45, 'Pedome'),
(519, 45, 'Pousada de Saramagos'),
(520, 45, 'Requião'),
(521, 45, 'Riba de Ave'),
(522, 45, 'Ribeirão'),
(523, 45, 'Ruivães e Novais'),
(524, 45, 'Seide'),
(525, 45, 'Vale (São Cosme), Telhado e Portela'),
(526, 45, 'Vale (São Martinho)'),
(527, 45, 'Vermoim'),
(528, 45, 'Vila Nova de Famalicão e Calendário'),
(529, 45, 'Vilarinho das Cambas'),
(530, 46, 'Aboim da Nóbrega e Gondomar'),
(531, 46, 'Atiães'),
(532, 46, 'Cabanelas'),
(533, 46, 'Carreiras (São Miguel) e Carreiras (Santiago)'),
(534, 46, 'Cervães'),
(535, 46, 'Coucieiro'),
(536, 46, 'Dossãos'),
(537, 46, 'Escariz (São Mamede) e Escariz (São Martinho)'),
(538, 46, 'Esqueiros, Nevogilde e Travassós'),
(539, 46, 'Freiriz'),
(540, 46, 'Geme'),
(541, 46, 'Lage'),
(542, 46, 'Lanhas'),
(543, 46, 'Loureira'),
(544, 46, 'Marrancos e Arcozelo'),
(545, 46, 'Moure'),
(546, 46, 'Oleiros'),
(547, 46, 'Oriz (Santa Marinha) e Oriz (São Miguel)'),
(548, 46, 'Parada de Gatim'),
(549, 46, 'Pico'),
(550, 46, 'Pico de Regalados, Gondiães e Mós'),
(551, 46, 'Ponte'),
(552, 46, 'Prado (São Miguel)'),
(553, 46, 'Ribeira do Neiva'),
(554, 46, 'Sabariz'),
(555, 46, 'Sande, Vilarinho, Barros e Gomide'),
(556, 46, 'Soutelo'),
(557, 46, 'Turiz'),
(558, 46, 'Vade'),
(559, 46, 'Valbom (São Pedro), Passô e Valbom (São Martinho)'),
(560, 46, 'Valdreu'),
(561, 46, 'Vila de Prado'),
(562, 46, 'Vila Verde e Barbudo'),
(563, 47, 'Caldas de Vizela (São Miguel e São João)'),
(564, 47, 'Infias'),
(565, 47, 'Santa Eulália'),
(566, 47, 'Santo Adrião de Vizela'),
(567, 47, 'Tagils de Vizela (São Paio)'),
(568, 48, 'Agrobom, Saldonha e Vale Pereiro'),
(569, 48, 'Alfândega da Fé'),
(570, 48, 'Cerejais'),
(571, 48, 'Eucisia, Gouveia e Valverde'),
(572, 48, 'Ferradosa e Sendim da Serra'),
(573, 48, 'Gebelim e Soeima'),
(574, 48, 'Parada e Sendim da Ribeira'),
(575, 48, 'Pombal e Vales'),
(576, 48, 'Sambade'),
(577, 48, 'Vilar Chão'),
(578, 48, 'Vilarelhos'),
(579, 48, 'Vilares de Vilariça'),
(580, 49, 'Alfaião'),
(581, 49, 'Aveleda e Rio de Onor'),
(582, 49, 'Babe'),
(583, 49, 'Baçal'),
(584, 49, 'Carragosa'),
(585, 49, 'Castrelos e Carrazedo'),
(586, 49, 'Castro de Avelãs'),
(587, 49, 'Coelhoso'),
(588, 49, 'Donai'),
(589, 49, 'Espinhosela'),
(590, 49, 'França'),
(591, 49, 'Gimonde'),
(592, 49, 'Gondesende'),
(593, 49, 'Gostei'),
(594, 49, 'Grijó de Parada'),
(595, 49, 'Izeda, Caldelhe e Paradinha Nova'),
(596, 49, 'Macedo do Mato'),
(597, 49, 'Mós'),
(598, 49, 'Nogueira'),
(599, 49, 'Outeiro'),
(600, 49, 'Parada e Faílde'),
(601, 49, 'Parâmio'),
(602, 49, 'Pinela'),
(603, 49, 'Quintanilha'),
(604, 49, 'Quintela de Lampaças'),
(605, 49, 'Rabal'),
(606, 49, 'Rebordainhos e Pombares'),
(607, 49, 'Rebordãos'),
(608, 49, 'Rio Frio e Milhão'),
(609, 49, 'Salsas'),
(610, 49, 'Samil'),
(611, 49, 'Santa Comba de Rossas'),
(612, 49, 'São Julião de Palácios e Deilão'),
(613, 49, 'São Pedro de Sarracenos'),
(614, 49, 'Sé, Santa Maria e Meixedo'),
(615, 49, 'Sendas'),
(616, 49, 'Serapicos'),
(617, 49, 'Sortes'),
(618, 49, 'Zoio'),
(619, 50, 'Amedo e Zedes'),
(620, 50, 'Belver e Mogo de Malta'),
(621, 50, 'Carrazeda de Ansiães'),
(622, 50, 'Castanheiro do Norte e Ribalonga'),
(623, 50, 'Fonte Longa'),
(624, 50, 'Lavandeira, Beira Grande e Selores'),
(625, 50, 'Linhares'),
(626, 50, 'Marzagão'),
(627, 50, 'Parambos'),
(628, 50, 'Pereiros'),
(629, 50, 'Pinhal do Norte'),
(630, 50, 'Pombal'),
(631, 50, 'Seixo de Ansiães'),
(632, 50, 'Vilarinho de Castanheira'),
(633, 51, 'Freixo de Espada À Cinta e Mazouco'),
(634, 51, 'Lagoaça e Fornos'),
(635, 51, 'Ligares'),
(636, 51, 'Poiares'),
(637, 52, 'Ala e Vilarinho do Monte'),
(638, 52, 'Amendoeira'),
(639, 52, 'Arcas'),
(640, 52, 'Bornes e Burga'),
(641, 52, 'Carrapatas'),
(642, 52, 'Castelãos e Vilar do Monte'),
(643, 52, 'Chacim'),
(644, 52, 'Cortiços'),
(645, 52, 'Corujas'),
(646, 52, 'Espanedo, Edroso, Murçós e Soutelo Mourisco'),
(647, 52, 'Ferreira'),
(648, 52, 'Grijó'),
(649, 52, 'Lagoa'),
(650, 52, 'Lamalonga'),
(651, 52, 'Lamas'),
(652, 52, 'Lombo'),
(653, 52, 'Macedo de Cavaleiros'),
(654, 52, 'Morais'),
(655, 52, 'Olmos'),
(656, 52, 'Peredo'),
(657, 52, 'Podence e Santa Combinha'),
(658, 52, 'Salselas'),
(659, 52, 'Sesulfe'),
(660, 52, 'Talhas'),
(661, 52, 'Talhinhas e Bagueixe'),
(662, 52, 'Vale Benfeito'),
(663, 52, 'Vale da Porca'),
(664, 52, 'Vale de Prados'),
(665, 52, 'Vilarinho de Agrochão'),
(666, 52, 'Vinhas'),
(667, 53, 'Constantim e Cicouro'),
(668, 53, 'Duas Igrejas'),
(669, 53, 'Genísio'),
(670, 53, 'Ifanes e Paradela'),
(671, 53, 'Malhadas'),
(672, 53, 'Miranda do Douro'),
(673, 53, 'Palaçoulo'),
(674, 53, 'Picote'),
(675, 53, 'Póvoa'),
(676, 53, 'São Martinho de Angueira'),
(677, 53, 'Sendim e Atenor'),
(678, 53, 'Silva e Águas Vivas'),
(679, 53, 'Vila Chã e Braciosa'),
(680, 54, 'Abambres'),
(681, 54, 'Abreiro'),
(682, 54, 'Aguieiras'),
(683, 54, 'Alvites'),
(684, 54, 'Avantos e Romeu'),
(685, 54, 'Avidagos, Navalho e Pereira'),
(686, 54, 'Barcel, Marmelos e Valverde da Gestosa'),
(687, 54, 'Bouça'),
(688, 54, 'Cabanelas'),
(689, 54, 'Caravelas'),
(690, 54, 'Carvalhais'),
(691, 54, 'Cedães'),
(692, 54, 'Cobro'),
(693, 54, 'Fradizela'),
(694, 54, 'Franco e Vila Boa'),
(695, 54, 'Frechas'),
(696, 54, 'Freixeda e Vila Verde'),
(697, 54, 'Lamas de Orelhão'),
(698, 54, 'Mascarenhas'),
(699, 54, 'Mirandela'),
(700, 54, 'Múrias'),
(701, 54, 'Passos'),
(702, 54, 'São Pedro Velho'),
(703, 54, 'São Salvador'),
(704, 54, 'Suçães'),
(705, 54, 'Torre de Dona Chama'),
(706, 54, 'Vale de Asnes'),
(707, 54, 'Vale de Gouvinhas'),
(708, 54, 'Vale de Salgueiro'),
(709, 54, 'Vale de Telhas'),
(710, 55, 'Azinhoso'),
(711, 55, 'Bemposta'),
(712, 55, 'Bruçó'),
(713, 55, 'Brunhoso'),
(714, 55, 'Brunhozinho, Castanheira e Sanhoane'),
(715, 55, 'Castelo Branco'),
(716, 55, 'Castro Vicente'),
(717, 55, 'Meirinhos'),
(718, 55, 'Mogadouro, Valverde, Vale de Porco e Vilar de Rei'),
(719, 55, 'Paradela'),
(720, 55, 'Penas Roias'),
(721, 55, 'Peredo da Bemposta'),
(722, 55, 'Remondes e Soutelo'),
(723, 55, 'Saldanha'),
(724, 55, 'São Martinho do Peso'),
(725, 55, 'Tó'),
(726, 55, 'Travanca'),
(727, 55, 'Urrós'),
(728, 55, 'Vale da Madre'),
(729, 55, 'Vila de Ala'),
(730, 55, 'Vilarinho dos Galegos e Ventozelo'),
(731, 56, 'Açoreira'),
(732, 56, 'Adeganha e Cardanha'),
(733, 56, 'Cabeça Boa'),
(734, 56, 'Carviçais'),
(735, 56, 'Castedo'),
(736, 56, 'Felgar e Souto da Velha'),
(737, 56, 'Felgueiras e Maçores'),
(738, 56, 'Horta da Vilariça'),
(739, 56, 'Larinho'),
(740, 56, 'Lousa'),
(741, 56, 'Mós'),
(742, 56, 'Torre de Moncorvo'),
(743, 56, 'Urros e Peredo dos Castelhanos'),
(744, 57, 'Assares e Lodões'),
(745, 57, 'Benlhevai'),
(746, 57, 'Candoso e Carvalho de Egas'),
(747, 57, 'Freixiel'),
(748, 57, 'Roios'),
(749, 57, 'Samões'),
(750, 57, 'Sampaio'),
(751, 57, 'santa Comba da Vilariça'),
(752, 57, 'Seixo de Manhoses'),
(753, 57, 'Trindade'),
(754, 57, 'Vale Frechoso'),
(755, 57, 'Valtorno e Mourão'),
(756, 57, 'Vila Flor e Nabo'),
(757, 57, 'Vilas Boas e Vilarinho das Azenhas'),
(758, 58, 'Algoso, Campo de Víboras e Uva'),
(759, 58, 'Argozelo'),
(760, 58, 'Caçarelhos e Angueira'),
(761, 58, 'Carção'),
(762, 58, 'Matela'),
(763, 58, 'Pinelo'),
(764, 58, 'Santulhão'),
(765, 58, 'Vale de Frades e Avelanoso'),
(766, 58, 'Vilar Seco'),
(767, 58, 'Vimioso'),
(768, 59, 'Agrochão'),
(769, 59, 'Candedo'),
(770, 59, 'Celas'),
(771, 59, 'Curopos e Vale de Janeiro'),
(772, 59, 'Edral'),
(773, 59, 'Edrosa'),
(774, 59, 'Ervedosa'),
(775, 59, 'Moimenta e Montouto'),
(776, 59, 'Nunes e Ousilhão'),
(777, 59, 'Paço'),
(778, 59, 'Penhas Juntas'),
(779, 59, 'Quirás e Pinheiro Novo'),
(780, 59, 'Rebordelo'),
(781, 59, 'Santalha'),
(782, 59, 'Sobreiro de Baixo e Alvaredos'),
(783, 59, 'Soeira, Fresulfe e Mofreita'),
(784, 59, 'Travanca e Santa Cruz'),
(785, 59, 'Tuizelo'),
(786, 59, 'Vale das Fontes'),
(787, 59, 'Vila Boa de Ousilhão'),
(788, 59, 'Vila Verde'),
(789, 59, 'Vilar de Lomba e São Jomil'),
(790, 59, 'Vilar de Ossos'),
(791, 59, 'Vilar de Peregrinos'),
(792, 59, 'Vilar Seco da Lomba'),
(793, 59, 'Vinhais'),
(794, 60, 'Belmonte e Colmeal da Torre'),
(795, 60, 'Caria'),
(796, 60, 'Inguias'),
(797, 60, 'Maçainhas'),
(798, 61, 'Alcains'),
(799, 61, 'Almaceda'),
(800, 61, 'Benquerenças'),
(801, 61, 'Castelo Branco'),
(802, 61, 'Cebolais de Cima e Retaxo'),
(803, 61, 'Escalos de Baixo e Mata'),
(804, 61, 'Escalos de Cima e Lousa'),
(805, 61, 'Freixial e Juncal do Campo'),
(806, 61, 'Lardosa'),
(807, 61, 'Louriçal do Campo'),
(808, 61, 'Malpica do Tejo'),
(809, 61, 'Monforte da Beira'),
(810, 61, 'Ninho do Açor e Sobral do Campo'),
(811, 61, 'Póvoa de Rio de Moinhos e Cafede'),
(812, 61, 'Salgueiro do Campo'),
(813, 61, 'Santo André das Tojeiras'),
(814, 61, 'São Vicente da Beira'),
(815, 61, 'Sarzedas'),
(816, 61, 'Tinalhas'),
(817, 62, 'Aldeia São Francisco de Assis'),
(818, 62, 'Barco e Coutada'),
(819, 62, 'Boidobra'),
(820, 62, 'Cantar-Galo e Vila do Carvalho'),
(821, 62, 'Casegas e Ourondo'),
(822, 62, 'Cortes do Meio'),
(823, 62, 'Covilhã e Canhoso'),
(824, 62, 'Dominguizo'),
(825, 62, 'Erada'),
(826, 62, 'Ferro'),
(827, 62, 'Orjais'),
(828, 62, 'Paul'),
(829, 62, 'Peraboa'),
(830, 62, 'Peso e Vales do Rio'),
(831, 62, 'São Jorge da Beira'),
(832, 62, 'Sobral de São Miguel'),
(833, 62, 'Teixoso e Sarzedo'),
(834, 62, 'Tortosendo'),
(835, 62, 'Unhais da Serra'),
(836, 62, 'Vale Formoso e Aldeia do Souto'),
(837, 62, 'Verdelhos'),
(838, 63, 'Alcaide'),
(839, 63, 'Alcaria'),
(840, 63, 'Alcongosta'),
(841, 63, 'Alpedrinha'),
(842, 63, 'Barroca'),
(843, 63, 'Bogas de Cima'),
(844, 63, 'Capinha'),
(845, 63, 'Castelejo'),
(846, 63, 'Castelo Novo'),
(847, 63, 'Enxames'),
(848, 63, 'Fatela'),
(849, 63, 'Fundão, valverde, Donas, A. Joanes, A. Nova Cabo'),
(850, 63, 'Janeiro de Cima e Bogas de Baixo'),
(851, 63, 'Lavacolhos'),
(852, 63, 'Orca'),
(853, 63, 'Pêro Viseu'),
(854, 63, 'Póvoa da Atalaia e Atalaia do Campo'),
(855, 63, 'Silvares'),
(856, 63, 'Soalheira'),
(857, 63, 'Souto da Casa'),
(858, 63, 'Telhado'),
(859, 63, 'Três Povos'),
(860, 63, 'Vale de Prazeres e Mata da Rainha'),
(861, 64, 'Aldeia de Santa Margarida'),
(862, 64, 'Idanha-a-Nova e Alcafozes'),
(863, 64, 'Ladoeiro'),
(864, 64, 'Medelim'),
(865, 64, 'Monfortinho e Salvaterra do Extremo'),
(866, 64, 'Monsanto e Idanha-a-Velha'),
(867, 64, 'Oledo'),
(868, 64, 'Penha Garcia'),
(869, 64, 'Proença-a-Velha'),
(870, 64, 'Rosmaninhal'),
(871, 64, 'São Miguel de Acha'),
(872, 64, 'Toulões'),
(873, 64, 'Zebreira e Segura'),
(874, 65, 'Álvaro'),
(875, 65, 'Cambas'),
(876, 65, 'Estreito-Villar Barroco'),
(877, 65, 'Isna'),
(878, 65, 'Madeirã'),
(879, 65, 'Mosteiro'),
(880, 65, 'Oleiros-Amieira'),
(881, 65, 'Orvalho'),
(882, 65, 'Sarnadas de São Simão'),
(883, 65, 'Sobral'),
(884, 66, 'Aldeia do Bispo, Águas e Aldeia de João Pires'),
(885, 66, 'Aranhas'),
(886, 66, 'Benquerença'),
(887, 66, 'Meimão'),
(888, 66, 'Meimoa'),
(889, 66, 'Pedrógão de São Pedro e Bemposta'),
(890, 66, 'Penamacor'),
(891, 66, 'Salvador'),
(892, 66, 'Vale da Senhora da Póvoa'),
(893, 67, 'Montes da Senhora'),
(894, 67, 'Proença-a-Nova e Peral'),
(895, 67, 'São Pedro do Esteval'),
(896, 67, 'Sobreira Formosa e Alvito da Beira'),
(897, 68, 'Cabeçudo'),
(898, 68, 'Carvalhal'),
(899, 68, 'Castelo'),
(900, 68, 'Cernache do Bonjardim, Nesperal e Palhais'),
(901, 68, 'Cumeada e Marmeleiro'),
(902, 68, 'Ermida e Figueiredo'),
(903, 68, 'Pedrógão Pequeno'),
(904, 68, 'Sertã'),
(905, 68, 'Troviscal'),
(906, 68, 'Várzea dos Cavaleiros'),
(907, 69, 'Fundada'),
(908, 69, 'São João do Peso'),
(909, 69, 'Vila de Rei'),
(910, 70, 'Fratel'),
(911, 70, 'Perais'),
(912, 70, 'Sarnadas de Rodão'),
(913, 70, 'Vila Velha de Ródão'),
(914, 71, 'Arganil'),
(915, 71, 'Benfeita'),
(916, 71, 'Celavisa'),
(917, 71, 'Cepos e Teixeira'),
(918, 71, 'Cerdeira e Moura da Serra'),
(919, 71, 'Côja e Barril de Alva'),
(920, 71, 'Folques'),
(921, 71, 'Piódão'),
(922, 71, 'Pomares'),
(923, 71, 'Pombeiro da Beira'),
(924, 71, 'São Martinho da Cortiça'),
(925, 71, 'Sarzedo'),
(926, 71, 'Secarias'),
(927, 71, 'Vila Cova de Alva e Anseriz'),
(928, 72, 'Ançã'),
(929, 72, 'Cadima'),
(930, 72, 'Cantanhede e Pocariça'),
(931, 72, 'Cordinhã'),
(932, 72, 'Covões e Camarneira'),
(933, 72, 'Febres'),
(934, 72, 'Murtede'),
(935, 72, 'Ourentã'),
(936, 72, 'Portunhos e Outil'),
(937, 72, 'Sanguinheira'),
(938, 72, 'São Caetano'),
(939, 72, 'Sepins e Bolho'),
(940, 72, 'Tocha'),
(941, 72, 'Vilamar e Corticeiro de Cima'),
(942, 73, 'Almalaguês'),
(943, 73, 'Antuzede e Vil de Matos'),
(944, 73, 'Assafarge e Antanhol'),
(945, 73, 'Brasfemes'),
(946, 73, 'Ceira'),
(947, 73, 'Cernache'),
(948, 73, 'Eiras e São Paulo de Frades'),
(949, 73, 'Santa Clara e Castelo Viegas'),
(950, 73, 'Santo António dos Olivais'),
(951, 73, 'São João do Campo'),
(952, 73, 'São Martinho de Árvore e Lamarosa'),
(953, 73, 'São Martinho do Bispo e Ribeira de Frades'),
(954, 73, 'São Silvestre'),
(955, 73, 'Sé Nova, Santa Cruz, Almedina e São Bartolomeu'),
(956, 73, 'Souselas e Botão'),
(957, 73, 'Taveiro, Ameal e Arzila'),
(958, 73, 'Torres do Mondego'),
(959, 73, 'Trouxemil e Torre de Vilela'),
(960, 74, 'Anobra'),
(961, 74, 'Condeixa-a-Velha e Condeixa-a-Nova'),
(962, 74, 'Ega'),
(963, 74, 'Furadouro'),
(964, 74, 'Sebal e Belide'),
(965, 74, 'Vila Seca e Bem de Fé'),
(966, 74, 'Zambujal'),
(967, 75, 'Alhadas'),
(968, 75, 'Alqueidão'),
(969, 75, 'Bom Sucesso'),
(970, 75, 'Buarcos e São Julião'),
(971, 75, 'Ferreira-a-Nova'),
(972, 75, 'Lavos'),
(973, 75, 'Maiorca'),
(974, 75, 'Marinha das Ondas'),
(975, 75, 'Moinhos da Gândara'),
(976, 75, 'Paião'),
(977, 75, 'Quiaios'),
(978, 75, 'São Pedro'),
(979, 75, 'Tavarede'),
(980, 75, 'Vila Verde'),
(981, 76, 'Alvares'),
(982, 76, 'Cadafaz e Colmeal'),
(983, 76, 'Góis'),
(984, 76, 'Vila Nova do Ceira'),
(985, 77, 'Foz de Arouce e Casal de Ermio'),
(986, 77, 'Gândaras'),
(987, 77, 'Lousã e Vilarinho'),
(988, 77, 'Serpins'),
(989, 78, 'Carapelhos'),
(990, 78, 'Mira'),
(991, 78, 'Praia de Mira'),
(992, 78, 'Seixo'),
(993, 79, 'Lamas'),
(994, 79, 'Miranda do Corvo'),
(995, 79, 'Semide e Rio Vide'),
(996, 79, 'Vila Nova'),
(997, 80, 'Abrunheira, Verride e Vila Nova da Barca'),
(998, 80, 'Arazede'),
(999, 80, 'Carapinheira'),
(1000, 80, 'Ereira'),
(1001, 80, 'Liceia'),
(1002, 80, 'Meãs do Campo'),
(1003, 80, 'Montemor-O-Velho e Gatões'),
(1004, 80, 'Pereira'),
(1005, 80, 'Santo Varão'),
(1006, 80, 'Seixo de Gatões'),
(1007, 80, 'Tentúgal'),
(1008, 81, 'Aldeia das Dez'),
(1009, 81, 'Alvoco das Várzeas'),
(1010, 81, 'Avô'),
(1011, 81, 'Bobadela'),
(1012, 81, 'Ervedal e Vila Franca da Beira'),
(1013, 81, 'Lagares da Beira'),
(1014, 81, 'Lagos da Beira e Lajeosa'),
(1015, 81, 'Lourosa'),
(1016, 81, 'Meruge'),
(1017, 81, 'Nogueira do Cravo'),
(1018, 81, 'Oliveira do Hospital e São Paio de Gramaços'),
(1019, 81, 'Penalva de Alva e São Sebastião da Feira'),
(1020, 81, 'santa Ovaia e Vila Pouca da Beira'),
(1021, 81, 'São Gião'),
(1022, 81, 'Seixo da Beira'),
(1023, 81, 'Travanca de Lagos'),
(1024, 82, 'Cabril'),
(1025, 82, 'Dornelas do Zêzere'),
(1026, 82, 'Fajão-Vidual'),
(1027, 82, 'Janeiro de Baixo'),
(1028, 82, 'Pampilhosa da Serra'),
(1029, 82, 'Pessegueiro'),
(1030, 82, 'Portela do Fojo-Machio'),
(1031, 82, 'Unhais-o-Velho'),
(1032, 83, 'Carvalho'),
(1033, 83, 'Figueira do Lorvão'),
(1034, 83, 'Friúmes e Paradela'),
(1035, 83, 'Lorvão'),
(1036, 83, 'Oliveira do Mondego e Travanca do Mondego'),
(1037, 83, 'Penacova'),
(1038, 83, 'São Pedro de Alva e São Paio de Mondego'),
(1039, 83, 'Sazes do Lorvão'),
(1040, 84, 'Cumeeira'),
(1041, 84, 'Espinhal'),
(1042, 84, 'Podentes'),
(1043, 84, 'São Miguel, Santa Eufémia e Rabaçal'),
(1044, 85, 'Alfarelos'),
(1045, 85, 'Degracias e Pombalinho'),
(1046, 85, 'Figueiró do Campo'),
(1047, 85, 'Gesteira e Brunhós'),
(1048, 85, 'Granja do Ulmeiro'),
(1049, 85, 'Samuel'),
(1050, 85, 'Soure'),
(1051, 85, 'Tapéus'),
(1052, 85, 'Vila Nova de Anços'),
(1053, 85, 'Vinha da Rainha'),
(1054, 86, 'Ázere e Covelo'),
(1055, 86, 'Candosa'),
(1056, 86, 'Carapinha'),
(1057, 86, 'Covas e Vila Nova de Oliveirinha'),
(1058, 86, 'Espariz e Sinde'),
(1059, 86, 'Midões'),
(1060, 86, 'Mouronho'),
(1061, 86, 'Pinheiro de Coja e Meda de Mouros'),
(1062, 86, 'Póvoa de Midões'),
(1063, 86, 'São João da Boa Vista'),
(1064, 86, 'Tábua'),
(1065, 87, 'Arrifana'),
(1066, 87, 'Lavegadas'),
(1067, 87, 'Poiares (Santo André)'),
(1068, 87, 'São Miguel de Poiares'),
(1069, 88, 'Capelins (Santo António)'),
(1070, 88, 'N.S. Conceição, S.Brás Matos, Juromenha'),
(1071, 88, 'Santiago Maior'),
(1072, 88, 'Terena (São Pedro)'),
(1073, 89, 'Arraiolos'),
(1074, 89, 'Gafanhoeira (São Pedro) e Sabugueiro'),
(1075, 89, 'Igrejinha'),
(1076, 89, 'São Gregório e Santa Justa'),
(1077, 89, 'Vimieiro'),
(1078, 90, 'Borba (Matriz)'),
(1079, 90, 'Borba (São Bartolomeu)'),
(1080, 90, 'Orada'),
(1081, 90, 'Rio de Moinhos'),
(1082, 91, 'Ameixial (Santa Vitória e São Bento)'),
(1083, 91, 'Arcos'),
(1084, 91, 'Estremoz (Santa Maria e Santo André)'),
(1085, 91, 'Évora Monte (Santa Maria)'),
(1086, 91, 'Glória'),
(1087, 91, 'São Bento do Cortiço e Santo Esêvão'),
(1088, 91, 'São Domingos de Ana Loura'),
(1089, 91, 'São Lourenço de Mamporcão e São Bento de Ana Loura'),
(1090, 91, 'Veiros'),
(1091, 92, 'Bacelo e Senhora da Saúde'),
(1092, 92, 'Canaviais'),
(1093, 92, 'Évora (São Mamede, Sé, São Pedro e Santo Antão)'),
(1094, 92, 'Malagueira e Horta das Figueiras'),
(1095, 92, 'N.S. da Tourega e N.S. de Guadalupe'),
(1096, 92, 'Nossa Senhora de Machede'),
(1097, 92, 'Nossa Senhora Graça do Divor'),
(1098, 92, 'S.Sebastião da Giesteira e N.S. da Boa Fé'),
(1099, 92, 'São Bento da Mato'),
(1100, 92, 'São Manços e São Vicente do Pigeiro'),
(1101, 92, 'São Miguel de Machede'),
(1102, 92, 'Torre de Coelheiros'),
(1103, 93, 'Cabrela'),
(1104, 93, 'Ciborro'),
(1105, 93, 'Cortiçadas de Lavre e Lavre'),
(1106, 93, 'Foros de Vale Figueira'),
(1107, 93, 'N.S. da Vila, N.S. do Bispo e Silveiras'),
(1108, 93, 'Santiago do Escoural'),
(1109, 93, 'São Cristóvão'),
(1110, 94, 'Brotas'),
(1111, 94, 'Cabeção'),
(1112, 94, 'Mora'),
(1113, 94, 'Pavia'),
(1114, 95, 'Granja'),
(1115, 95, 'Luz'),
(1116, 95, 'Mourão'),
(1117, 96, 'Amieira e Alqueva'),
(1118, 96, 'Monte do Trigo'),
(1119, 96, 'Portel'),
(1120, 96, 'Santana'),
(1121, 96, 'São Bartolomeu do Outeiro e Oriola'),
(1122, 96, 'Vera Cruz'),
(1123, 97, 'Montoito'),
(1124, 97, 'Redondo'),
(1125, 98, 'Campo e Campinho'),
(1126, 98, 'Corval'),
(1127, 98, 'Monsaraz'),
(1128, 98, 'Reguengos de Monsaraz'),
(1129, 99, 'Landeira'),
(1130, 99, 'Vendas Novas'),
(1131, 100, 'Aguiar'),
(1132, 100, 'Alcáçovas'),
(1133, 100, 'Viana do Alentejo'),
(1134, 101, 'Bencatel'),
(1135, 101, 'Ciladas'),
(1136, 101, 'Nossa Senhora da Conceição e São Bartolomeu'),
(1137, 101, 'Pardais'),
(1138, 102, 'Albufeira e Olhos de Água'),
(1139, 102, 'Ferreiras'),
(1140, 102, 'Guia'),
(1141, 102, 'Paderne'),
(1142, 103, 'Alcoutim e Pereiro'),
(1143, 103, 'Giões'),
(1144, 103, 'Martim Longo'),
(1145, 103, 'Vaqueiros'),
(1146, 104, 'Aljezur'),
(1147, 104, 'Bordeira'),
(1148, 104, 'Odeceixe'),
(1149, 104, 'Rogil'),
(1150, 105, 'Altura'),
(1151, 105, 'Azinhal'),
(1152, 105, 'Castro Marim'),
(1153, 105, 'Odeleite'),
(1154, 106, 'Conceição e Estoi'),
(1155, 106, 'Faro (Sé e São Pedro)'),
(1156, 106, 'Montenegro'),
(1157, 106, 'Santa Bárbara de Nexe'),
(1158, 107, 'Estômbar e Parchal'),
(1159, 107, 'Ferragudo'),
(1160, 107, 'Lagoa e Carvoeiro'),
(1161, 107, 'Porches'),
(1162, 108, 'Bensafrim e Barão de São João'),
(1163, 108, 'Lagos (São Sebastião e Santa Maria)'),
(1164, 108, 'Luz'),
(1165, 108, 'Odiáxere'),
(1166, 109, 'Almancil'),
(1167, 109, 'Alte'),
(1168, 109, 'Ameixial'),
(1169, 109, 'Boliqueime'),
(1170, 109, 'Loulé (São Clemente)'),
(1171, 109, 'Loulé (São Sebastião)'),
(1172, 109, 'Quarteira'),
(1173, 109, 'Querença, Tôr e Benafim'),
(1174, 109, 'Salir'),
(1175, 110, 'Alferce'),
(1176, 110, 'Marmelete'),
(1177, 110, 'Monchique'),
(1178, 111, 'Moncarapacho e Fuseta'),
(1179, 111, 'Olhão'),
(1180, 111, 'Pechão'),
(1181, 111, 'Quelfes'),
(1182, 112, 'Alvor'),
(1183, 112, 'Mexilhoeira Grande'),
(1184, 112, 'Portimão'),
(1185, 113, 'São Brás de Alportel'),
(1186, 114, 'Alcantarilha e Pêra'),
(1187, 114, 'Algoz e Tunes'),
(1188, 114, 'Armação de Pêra'),
(1189, 114, 'São Bartolomeu de Messines'),
(1190, 114, 'São Marcos da Serra'),
(1191, 114, 'Silves'),
(1192, 115, 'Cachopo'),
(1193, 115, 'Conceição e Cabanas de Tavira'),
(1194, 115, 'Luz de Tavira e Santo Estêvão'),
(1195, 115, 'Santa Catarina Do Fonte Do Bispo'),
(1196, 115, 'Santa Luzia'),
(1197, 115, 'Tavira (Santa Maria e Santiago)'),
(1198, 116, 'Barão de São Miguel'),
(1199, 116, 'Budens'),
(1200, 116, 'Vila de Sagres'),
(1201, 116, 'Vila do Bispo e Raposeira'),
(1202, 117, 'Montegordo'),
(1203, 117, 'Vila Nova de Cacela'),
(1204, 117, 'Vila Real de Santo António'),
(1205, 118, 'Aguiar da Beira e Coruche'),
(1206, 118, 'Carapito'),
(1207, 118, 'Cortiçada'),
(1208, 118, 'Dornelas'),
(1209, 118, 'Eirado'),
(1210, 118, 'Forninhos'),
(1211, 118, 'Pena Verde'),
(1212, 118, 'Pinheiro'),
(1213, 118, 'Sequeiros e Gradiz'),
(1214, 118, 'Souto de Aguiar da Beira e Valverde'),
(1215, 119, 'Almeida'),
(1216, 119, 'Amoreira, Parada e Cabreira'),
(1217, 119, 'Azinhal, Peva e valverde'),
(1218, 119, 'Castelo Bom'),
(1219, 119, 'Castelo Mendo, Ade, Monteperobolso e Mesquitela'),
(1220, 119, 'Freinada'),
(1221, 119, 'Freixo'),
(1222, 119, 'Junça e Naves'),
(1223, 119, 'Leomil, Mido, Senouras e Aldeia Nova'),
(1224, 119, 'Malhada Sorda'),
(1225, 119, 'Malpartida e Vale de Coelha'),
(1226, 119, 'Miuzela e Porto de Ovelha'),
(1227, 119, 'Nave de Haver'),
(1228, 119, 'São Pedro de rio Seco'),
(1229, 119, 'Vale da Mula'),
(1230, 119, 'Vilar Formoso'),
(1231, 120, 'Açores e Velosa'),
(1232, 120, 'Baraçal'),
(1233, 120, 'Carrapichana'),
(1234, 120, 'Casas do Soeiro'),
(1235, 120, 'Cortiçô da Serra, Vide Entre Vinhas e Salgueirais'),
(1236, 120, 'Forno Telheiro'),
(1237, 120, 'Lajeosa do Mondego'),
(1238, 120, 'Linhares'),
(1239, 120, 'Maçal do Chão'),
(1240, 120, 'Mesquitela'),
(1241, 120, 'Minhocal'),
(1242, 120, 'Prados'),
(1243, 120, 'Rapa e Cadafaz'),
(1244, 120, 'Ratoeira'),
(1245, 120, 'São Pedro e Santa Maria e Vila Boa do Mondego'),
(1246, 120, 'Vale de Azares'),
(1247, 121, 'Algodres, Vale de Afonsinho e Vilar de Amargo'),
(1248, 121, 'Almofala e Escarigo'),
(1249, 121, 'Castelo Rodrigo'),
(1250, 121, 'Cinco Vilas e Reigada'),
(1251, 121, 'Colmeal e Vilar Torpim'),
(1252, 121, 'Escalhão'),
(1253, 121, 'Figueira de Castelo Rodrigo'),
(1254, 121, 'Freixeda Torrão, Quintã Pêro Martins, Penha Águia'),
(1255, 121, 'Mata de Lobos'),
(1256, 121, 'Vermiosa'),
(1257, 122, 'Algodres'),
(1258, 122, 'Casal Vasco'),
(1259, 122, 'Cortiçô e Vila Chã'),
(1260, 122, 'Figueiró da Granja'),
(1261, 122, 'Fornos de Algodres'),
(1262, 122, 'Infias'),
(1263, 122, 'Juncais, Vila Ruiva e Vila Soeiro do Chão'),
(1264, 122, 'Maceira'),
(1265, 122, 'Matança'),
(1266, 122, 'Muxagata'),
(1267, 122, 'Queiriz'),
(1268, 122, 'Sobral Pichorro e Fuinhas'),
(1269, 123, 'Aldeias e Mangualde da Serra'),
(1270, 123, 'Arcozelo'),
(1271, 123, 'Cativelos'),
(1272, 123, 'Figueiró da Serra e Freixo da Serra'),
(1273, 123, 'Folgosinho'),
(1274, 123, 'Gouveia (São Pedro e São Julião)'),
(1275, 123, 'Melo e Nabais'),
(1276, 123, 'Moimenta da Serra e Vinhó'),
(1277, 123, 'Nespereira'),
(1278, 123, 'Paços da Serra'),
(1279, 123, 'Ribamondego'),
(1280, 123, 'Rio Torto e Lagarinhos'),
(1281, 123, 'São Paio'),
(1282, 123, 'Vila Cortes da Serra'),
(1283, 123, 'Vila Franca da Serra'),
(1284, 123, 'Vila Nova de Tazem'),
(1285, 124, 'Adão'),
(1286, 124, 'Aldeia do Bispo'),
(1287, 124, 'Aldeia Viçosa'),
(1288, 124, 'Alvendre'),
(1289, 124, 'Arrifana'),
(1290, 124, 'Avelãs da Ribeira'),
(1291, 124, 'Avelãs de Ambom e Rocamondo'),
(1292, 124, 'Benespera'),
(1293, 124, 'Casal da Cinza'),
(1294, 124, 'Castanheira'),
(1295, 124, 'Cavadoude'),
(1296, 124, 'Codesseiro'),
(1297, 124, 'Corujeira e Trinta'),
(1298, 124, 'Faia'),
(1299, 124, 'Famalicão'),
(1300, 124, 'Fernão Joanes'),
(1301, 124, 'Gonçalo'),
(1302, 124, 'Gonçalo Bocas'),
(1303, 124, 'Guarda'),
(1304, 124, 'Jarmelo São Miguel'),
(1305, 124, 'Jarmelo São Pedro'),
(1306, 124, 'João Antão'),
(1307, 124, 'Maçainhas'),
(1308, 124, 'Marmeleiro'),
(1309, 124, 'Meios'),
(1310, 124, 'Mizarela, Pêro Soares e Vila Soeiro'),
(1311, 124, 'Panoiais de Cima'),
(1312, 124, 'Pega'),
(1313, 124, 'Pêra do Moco'),
(1314, 124, 'Porto da Carne'),
(1315, 124, 'Pousade e Albardo'),
(1316, 124, 'Ramela'),
(1317, 124, 'Rochoso e Monte Margarida'),
(1318, 124, 'Santana e Azinha'),
(1319, 124, 'Sobral da Serra'),
(1320, 124, 'Vale de Estrela'),
(1321, 124, 'Valhelhas'),
(1322, 124, 'Vela'),
(1323, 124, 'Videmonte'),
(1324, 124, 'Vila Cortês do Mondego'),
(1325, 124, 'Vila Fernando'),
(1326, 124, 'Vila Franca do Deão'),
(1327, 124, 'Vila Garcia'),
(1328, 125, 'Manteigas (Santa Maria)'),
(1329, 125, 'Manteigas (São Pedro)'),
(1330, 125, 'Sameiro'),
(1331, 125, 'Vale de Amoreira'),
(1332, 126, 'Aveloso'),
(1333, 126, 'Barreira'),
(1334, 126, 'Coriscada'),
(1335, 126, 'Longroiva'),
(1336, 126, 'Marialva'),
(1337, 126, 'Mêda, Outeiro de Gatos e Fonte Longa'),
(1338, 126, 'Poço do Canto'),
(1339, 126, 'Prova e Casteição'),
(1340, 126, 'Rabaçal'),
(1341, 126, 'Ranhados'),
(1342, 126, 'Vale Flor, Carvalhal e Pai Penela'),
(1343, 127, 'Agregação das Freguesias Sul de Pinhel'),
(1344, 127, 'Alto do Palurdo'),
(1345, 127, 'Alverca da Beira/Bouça Cova'),
(1346, 127, 'Atalaia e Safurdão'),
(1347, 127, 'Ervedosa'),
(1348, 127, 'Freixedas'),
(1349, 127, 'Lamegal'),
(1350, 127, 'Lameiras'),
(1351, 127, 'Manigoto'),
(1352, 127, 'Pala'),
(1353, 127, 'Pinhel'),
(1354, 127, 'Pínzio'),
(1355, 127, 'Souro Pires'),
(1356, 127, 'Terras de Massueime'),
(1357, 127, 'Valbom/Bogalhal'),
(1358, 127, 'Vale do Côa'),
(1359, 127, 'Vale do Massuieme'),
(1360, 127, 'Vascoveiro'),
(1361, 128, 'Águas Belas'),
(1362, 128, 'Aldeia da Ponte'),
(1363, 128, 'Aldeia da Ribeira, Vilar Maior e Badamalos'),
(1364, 128, 'Aldeia do Bispo'),
(1365, 128, 'Aldeia Velha'),
(1366, 128, 'Alfaiates'),
(1367, 128, 'Baraçal'),
(1368, 128, 'Bendada'),
(1369, 128, 'Bismula'),
(1370, 128, 'Casteleiro'),
(1371, 128, 'Cerdeira'),
(1372, 128, 'Foios'),
(1373, 128, 'Lajeosa e Forcalhos'),
(1374, 128, 'Malcata'),
(1375, 128, 'Nave'),
(1376, 128, 'Pousafoles do Bispo, Pena Lobo e Lomba'),
(1377, 128, 'Quadrazais'),
(1378, 128, 'Quintas de São Bartolomeu'),
(1379, 128, 'Rapoula do Coa'),
(1380, 128, 'Rebolosa'),
(1381, 128, 'Rendo'),
(1382, 128, 'Ruvina, Ruivós e Vale de Éguas'),
(1383, 128, 'Sabugal e Aldeia de Santo António'),
(1384, 128, 'Santo Estêvão e Moita'),
(1385, 128, 'Seixo do Côa e Vale Longo'),
(1386, 128, 'Sortelha'),
(1387, 128, 'Souto'),
(1388, 128, 'Vale de Espinho'),
(1389, 128, 'Vila Boa'),
(1390, 128, 'Vila do Touro'),
(1391, 129, 'Alvoco da Serra'),
(1392, 129, 'Carragozela e Várzea de Meruge'),
(1393, 129, 'Girabolhos'),
(1394, 129, 'Loriga'),
(1395, 129, 'Paranhos'),
(1396, 129, 'Pinhanços'),
(1397, 129, 'Sabugueiro'),
(1398, 129, 'Sameice e Santa Eulália'),
(1399, 129, 'Sandomil'),
(1400, 129, 'Santa Comba'),
(1401, 129, 'Santa Marinha e São Martinho'),
(1402, 129, 'Santiago'),
(1403, 129, 'Sazes da Beira'),
(1404, 129, 'Seia, São Romão e Lapa dos Dinheiros'),
(1405, 129, 'Teixeira'),
(1406, 129, 'Torrozelo e Folhadosa'),
(1407, 129, 'Tourais e Lajes'),
(1408, 129, 'Travancinha'),
(1409, 129, 'Valezim'),
(1410, 129, 'Vide e Cabeça'),
(1411, 129, 'Vila Cova à Coelheira'),
(1412, 130, 'Aldeia Nova'),
(1413, 130, 'Castanheira'),
(1414, 130, 'Cogula'),
(1415, 130, 'Cótimos'),
(1416, 130, 'Fiães'),
(1417, 130, 'Freches e Torres'),
(1418, 130, 'Granja'),
(1419, 130, 'Guilheiro'),
(1420, 130, 'Moimentinha'),
(1421, 130, 'Moreira do Rei'),
(1422, 130, 'Palhais'),
(1423, 130, 'Póvoa do Concelho'),
(1424, 130, 'Reboleiro'),
(1425, 130, 'Rio de Mel'),
(1426, 130, 'Tamanhos'),
(1427, 130, 'Torre do Terrenho, Sebadelhe da Serra e Terrenho'),
(1428, 130, 'Trancoso (São Pedro e Santa Maria) e Souto Maior'),
(1429, 130, 'Valdujo'),
(1430, 130, 'Vale do Seixo e Vila Garcia'),
(1431, 130, 'Vila Franca das Naves e Feital'),
(1432, 130, 'Vilares e Carnicães'),
(1433, 131, 'Almendra'),
(1434, 131, 'Castelo Melhor'),
(1435, 131, 'Cedovim'),
(1436, 131, 'Chãs'),
(1437, 131, 'Custóias'),
(1438, 131, 'Freixo de Numão'),
(1439, 131, 'Horta'),
(1440, 131, 'Muxagata'),
(1441, 131, 'Numão'),
(1442, 131, 'Santa Comba'),
(1443, 131, 'Sebadelhe'),
(1444, 131, 'Seixas'),
(1445, 131, 'Touca'),
(1446, 131, 'Vila Nova de Foz Côa'),
(1447, 132, 'Guadalupe'),
(1448, 132, 'Luz'),
(1449, 132, 'Santa Cruz da Graciosa'),
(1450, 132, 'São Mateus'),
(1451, 133, 'Arco da Calheta'),
(1452, 133, 'Calheta'),
(1453, 133, 'Estreito da Calheta'),
(1454, 133, 'Fajã da Ovelha'),
(1455, 133, 'Jardim do Mar'),
(1456, 133, 'Paul do Mar'),
(1457, 133, 'Ponta do Pargo'),
(1458, 133, 'Prazeres'),
(1459, 134, 'Câmara de Lobos'),
(1460, 134, 'Curral das Freiras'),
(1461, 134, 'Estreito Câmara de Lobos'),
(1462, 134, 'Jardim da Serra'),
(1463, 134, 'Quinta Grande'),
(1464, 135, 'Funchal (Santa Luzia)'),
(1465, 135, 'Funchal (Santa Maria Maior)'),
(1466, 135, 'Funchal (São Pedro)'),
(1467, 135, 'Funchal (Sé)'),
(1468, 135, 'Imaculado Coração Maria'),
(1469, 135, 'Monte'),
(1470, 135, 'Santo António'),
(1471, 135, 'São Gonçalo'),
(1472, 135, 'São Martinho'),
(1473, 135, 'São Roque'),
(1474, 136, 'Água de Pena'),
(1475, 136, 'Caniçal'),
(1476, 136, 'Machico'),
(1477, 136, 'Porto da Cruz'),
(1478, 136, 'Santo António da Serra'),
(1479, 137, 'Canhas'),
(1480, 137, 'Madalena do Mar'),
(1481, 137, 'Ponta do Sol'),
(1482, 138, 'Achadas da Cruz'),
(1483, 138, 'Porto Moniz'),
(1484, 138, 'Ribeira da Janela'),
(1485, 138, 'Seixal'),
(1486, 139, 'Campanário'),
(1487, 139, 'Ribeira Brava'),
(1488, 139, 'Serra de Água'),
(1489, 139, 'Tabua'),
(1490, 140, 'Camacha'),
(1491, 140, 'Caniço'),
(1492, 140, 'Caniço'),
(1493, 140, 'Gaula'),
(1494, 140, 'Santa Cruz'),
(1495, 140, 'Santo António da Serra'),
(1496, 141, 'Arco de São Jorge'),
(1497, 141, 'Faial'),
(1498, 141, 'Ilha'),
(1499, 141, 'Santana'),
(1500, 141, 'São Jorge'),
(1501, 141, 'São Roque do Faial'),
(1502, 142, 'São Ventura'),
(1503, 142, 'Ponta Delgada'),
(1504, 142, 'São Vicente'),
(1505, 143, 'Fajã Grande'),
(1506, 143, 'Fajãzinha'),
(1507, 143, 'Fazenda'),
(1508, 143, 'Lajedo'),
(1509, 143, 'Lages das Flores'),
(1510, 143, 'Lomba'),
(1511, 143, 'Mosteiro'),
(1512, 144, 'Caveira'),
(1513, 144, 'Cedros'),
(1514, 144, 'Ponta Delgada'),
(1515, 144, 'Santa Cruz das Flores'),
(1516, 145, 'Porto Santo'),
(1517, 146, 'Almagreira'),
(1518, 146, 'Santa Bárbara'),
(1519, 146, 'Santo Espírito'),
(1520, 146, 'São Pedro'),
(1521, 146, 'Vila do Porto'),
(1522, 147, 'Calheta'),
(1523, 147, 'Norte Pequeno'),
(1524, 147, 'Ribeira Seca'),
(1525, 147, 'Santo Antão'),
(1526, 147, 'Topo (Nossa Senhora do Rosário)'),
(1527, 148, 'Manadas (Santa Bárbara)'),
(1528, 148, 'Norte Grande (Neves)'),
(1529, 148, 'Rosais'),
(1530, 148, 'Santo Amaro'),
(1531, 148, 'Urzelina (São Mateus)'),
(1532, 148, 'Velas (São Jorge)'),
(1533, 149, 'Água de Pau'),
(1534, 149, 'Cabouco'),
(1535, 149, 'Lagoa (Nossa Senhora do Rosário)'),
(1536, 149, 'Lagoa (Santa Cruz)'),
(1537, 149, 'Ribeira Chã'),
(1538, 150, 'Achada'),
(1539, 150, 'Achadinha'),
(1540, 150, 'Algarvia'),
(1541, 150, 'Lomba da Fazenda'),
(1542, 150, 'Nordeste'),
(1543, 150, 'Salga'),
(1544, 150, 'Santana'),
(1545, 150, 'Santo António de Nordestinho'),
(1546, 150, 'São Pedro de Nordestinho'),
(1547, 151, 'Ajuda da Bretanha'),
(1548, 151, 'Arrifes'),
(1549, 151, 'Candelária'),
(1550, 151, 'Capelas'),
(1551, 151, 'Covoada'),
(1552, 151, 'Fajã de Baixo'),
(1553, 151, 'Fajã de Cima'),
(1554, 151, 'Fenais da Luz'),
(1555, 151, 'Feteiras'),
(1556, 151, 'Ginetes'),
(1557, 151, 'Mosteiros'),
(1558, 151, 'Pilar da Bretanha'),
(1559, 151, 'Ponta Delgada (São José)'),
(1560, 151, 'Ponta Delgada (São Pedro)'),
(1561, 151, 'Ponta Delgada (São Sebastião)'),
(1562, 151, 'Relva'),
(1563, 151, 'Remédios'),
(1564, 151, 'Rosto de Cão (Livramento)'),
(1565, 151, 'Rosto de Cão (São Roque)'),
(1566, 151, 'Santa Bárbara'),
(1567, 151, 'Santa Clara'),
(1568, 151, 'Santo António'),
(1569, 151, 'São Vicente Ferreira'),
(1570, 151, 'Sete Cidades'),
(1571, 152, 'Água Retorta'),
(1572, 152, 'Faial da Terra'),
(1573, 152, 'Furnas'),
(1574, 152, 'Nossa Senhora dos Remédios'),
(1575, 152, 'Povoação'),
(1576, 152, 'Ribeira Quente'),
(1577, 153, 'Calhetas'),
(1578, 153, 'Fenais da Ajuda'),
(1579, 153, 'Lomba da Maia'),
(1580, 153, 'Lomba de São Pedro'),
(1581, 153, 'Maia'),
(1582, 153, 'Pico da Pedra'),
(1583, 153, 'Porto Formoso'),
(1584, 153, 'Rabo de Peixe'),
(1585, 153, 'Ribeira Grande (Conceição)'),
(1586, 153, 'Ribeira Grande (Matriz)'),
(1587, 153, 'Ribeira Seca'),
(1588, 153, 'Ribeirinha'),
(1589, 153, 'Santa Bárbara'),
(1590, 153, 'São Brás'),
(1591, 154, 'Água de Alto'),
(1592, 154, 'Ponta Garça'),
(1593, 154, 'Ribeira das Tainhas'),
(1594, 154, 'Ribeira Seca'),
(1595, 154, 'Vila Franca do Campo (São Miguel)'),
(1596, 154, 'Vila Franca do Campo (São Pedro)'),
(1597, 155, 'Corvo'),
(1598, 156, 'Capelo'),
(1599, 156, 'Castelo Branco'),
(1600, 156, 'Cedros'),
(1601, 156, 'Feteira'),
(1602, 156, 'Flamengos'),
(1603, 156, 'Horta (Angústias)'),
(1604, 156, 'Horta (Conceição)'),
(1605, 156, 'Horta (Matriz)'),
(1606, 156, 'Pedro Miguel'),
(1607, 156, 'Praia do Almoxarife'),
(1608, 156, 'Praia do Norte'),
(1609, 156, 'Ribeirinha'),
(1610, 156, 'Salão'),
(1611, 157, 'Calheta de Nesquim'),
(1612, 157, 'Lajes do Pico'),
(1613, 157, 'Piedade'),
(1614, 157, 'Ribeiras'),
(1615, 157, 'Ribeirinha'),
(1616, 157, 'São João'),
(1617, 158, 'Bandeiras'),
(1618, 158, 'Candelária'),
(1619, 158, 'Criação Velha'),
(1620, 158, 'Madalena'),
(1621, 158, 'São Caetano'),
(1622, 158, 'São Mateus'),
(1623, 159, 'Prainha'),
(1624, 159, 'Santa Luzia'),
(1625, 159, 'Santo Amaro'),
(1626, 159, 'Santo António'),
(1627, 159, 'São Roque do Pico'),
(1628, 160, 'Altares'),
(1629, 160, 'Angra (Nossa Senhora da conceição)'),
(1630, 160, 'Angra (Santa Luzia)'),
(1631, 160, 'Angra (São Pedro)'),
(1632, 160, 'Angra (Sé)'),
(1633, 160, 'Cinco Ribeiras'),
(1634, 160, 'Doze Ribeiras'),
(1635, 160, 'Feteira'),
(1636, 160, 'Porto Judeu'),
(1637, 160, 'Porto Santo'),
(1638, 160, 'Raminho'),
(1639, 160, 'Ribeirinho'),
(1640, 160, 'Santa Bárbara'),
(1641, 160, 'São Bartolomeu de Regatos'),
(1642, 160, 'São Bento'),
(1643, 160, 'São Mateus da Calheta'),
(1644, 160, 'Serrata'),
(1645, 160, 'Terra Chã'),
(1646, 160, 'Vila de São Sebastião'),
(1647, 161, 'Agualva'),
(1648, 161, 'Biscoitos'),
(1649, 161, 'Cabo da Praia'),
(1650, 161, 'Fonte do Bastardo'),
(1651, 161, 'Fontinhas'),
(1652, 161, 'Lajes'),
(1653, 161, 'Porto Martins'),
(1654, 161, 'Praia da Vitória (Santa Cruz)'),
(1655, 161, 'Quatro Ribeiras'),
(1656, 161, 'São Brás'),
(1657, 161, 'Vila Nova'),
(1658, 162, 'Alcobaça e Vestiaria'),
(1659, 162, 'Alfeizerão'),
(1660, 162, 'Aljubarrota'),
(1661, 162, 'Bárrio'),
(1662, 162, 'Benedita'),
(1663, 162, 'Cela'),
(1664, 162, 'Coz, Alpedriz e Montes'),
(1665, 162, 'Évora de Alcobaça'),
(1666, 162, 'Maiorga'),
(1667, 162, 'Pataias e Martingança'),
(1668, 162, 'São Martinho do Porto'),
(1669, 162, 'Turquel'),
(1670, 162, 'Vimeiro'),
(1671, 163, 'Almoster'),
(1672, 163, 'Alvaiázere'),
(1673, 163, 'Maçãs de Dona Maria'),
(1674, 163, 'Pelmá'),
(1675, 163, 'Pussos São Pedro'),
(1676, 164, 'Alvorge'),
(1677, 164, 'Ansião'),
(1678, 164, 'Avelar'),
(1679, 164, 'Chão de Couce'),
(1680, 164, 'Pousaflores'),
(1681, 164, 'Santiago da Guarda'),
(1682, 165, 'Batalha'),
(1683, 165, 'Golpilheira'),
(1684, 165, 'Reguengo do Fetal'),
(1685, 165, 'São Mamede'),
(1686, 166, 'Bombarral e Vale Covo'),
(1687, 166, 'Carvalhal'),
(1688, 166, 'Pó'),
(1689, 166, 'Roliça'),
(1690, 167, 'A dos Francos'),
(1691, 167, 'Alvorninha'),
(1692, 167, 'Caldas da Rainha - Santo Onofre e Serra do Bouro'),
(1693, 167, 'Carvalhal Benfeito'),
(1694, 167, 'Foz do Arelho'),
(1695, 167, 'Landal'),
(1696, 167, 'Nadadouro'),
(1697, 167, 'Nossa Senhora do Pópulo, Coto e São Gregório'),
(1698, 167, 'Salir de Matos'),
(1699, 167, 'Santa Catarina'),
(1700, 167, 'Tornada e Salir do Porto'),
(1701, 167, 'Vidais'),
(1702, 168, 'Castanheira de Pêra e Coentral'),
(1703, 169, 'Aguda'),
(1704, 169, 'Arega'),
(1705, 169, 'Campelo'),
(1706, 169, 'Figueiró dos Vinhos e Bairradas'),
(1707, 170, 'Amor'),
(1708, 170, 'Arrabal'),
(1709, 170, 'Bajouca'),
(1710, 170, 'Bidoeira de Cima'),
(1711, 170, 'Caranguejeira'),
(1712, 170, 'Coimbrão'),
(1713, 170, 'Colmeias e Memória'),
(1714, 170, 'Leiria, Pousos, Barreira e Cortes'),
(1715, 170, 'Maceira'),
(1716, 170, 'Marrazes e Barosa'),
(1717, 170, 'Milagres'),
(1718, 170, 'Monte Real e Carvide'),
(1719, 170, 'Monte Redondo e Carreira'),
(1720, 170, 'Parceiros e Azoia'),
(1721, 170, 'Regueira de Pontes'),
(1722, 170, 'Santa Catarina da Serra e Chainça'),
(1723, 170, 'Santa Eufémia e Boa Vista'),
(1724, 170, 'Souto da Carpalhosa e Ortigosa'),
(1725, 171, 'Marinha Grande'),
(1726, 171, 'Moita'),
(1727, 171, 'Vieira de Leiria'),
(1728, 172, 'Famalicão'),
(1729, 172, 'Nazaré'),
(1730, 172, 'Valado dos Frades'),
(1731, 173, 'A dos Negros'),
(1732, 173, 'Amoreira'),
(1733, 173, 'Gaeiras'),
(1734, 173, 'Olho Marinho'),
(1735, 173, 'Santa Maria, São Pedro e Sobral da Lagoa'),
(1736, 173, 'Usseira'),
(1737, 173, 'Vau'),
(1738, 174, 'Graça'),
(1739, 174, 'Pedrógão Grande'),
(1740, 174, 'Vila Facaia'),
(1741, 175, 'Atouguia da Baleia'),
(1742, 175, 'Ferrel'),
(1743, 175, 'Peniche'),
(1744, 175, 'Serra D´El Rei'),
(1745, 176, 'Abiul'),
(1746, 176, 'Almagreira'),
(1747, 176, 'Carnide'),
(1748, 176, 'Carriço'),
(1749, 176, 'Guia, Ilha e Mata Mourisca'),
(1750, 176, 'Louriçal'),
(1751, 176, 'Meirinhas'),
(1752, 176, 'Pelariga'),
(1753, 176, 'Pombal'),
(1754, 176, 'Redinha'),
(1755, 176, 'Santiago e S.Simão de Litém e Albergaria dos Doze'),
(1756, 176, 'Vermoil'),
(1757, 176, 'Vila Cã'),
(1758, 177, 'Alqueidão da Serra'),
(1759, 177, 'Alvados e Alcaria'),
(1760, 177, 'Arrimal e Mendiga');
INSERT INTO `freguesias` (`freguesiaid`, `concelhoid`, `freguesia`) VALUES
(1761, 177, 'Calvaria de Cima'),
(1762, 177, 'Juncal'),
(1763, 177, 'Mira de Aire'),
(1764, 177, 'Pedreiras'),
(1765, 177, 'Porto de Mós - São João Baptista e São Pedro'),
(1766, 177, 'São Bento'),
(1767, 177, 'Serro Ventoso'),
(1768, 178, 'Abrigada e Cabanas de Torres'),
(1769, 178, 'Aldeia Galega da Merceana e Aldeia Gavinha'),
(1770, 178, 'Alenquer (Santo estêvão e Triana)'),
(1771, 178, 'Carnota'),
(1772, 178, 'Carregado e Cadafais'),
(1773, 178, 'Meca'),
(1774, 178, 'Olhalvo'),
(1775, 178, 'Ota'),
(1776, 178, 'Ribafria e Pereiro de Palhacana'),
(1777, 178, 'Ventosa'),
(1778, 178, 'Vila Verde dos Francos'),
(1779, 179, 'Águas Livres'),
(1780, 179, 'Alfragide'),
(1781, 179, 'Encosta do Sol'),
(1782, 179, 'Falagueira-Venda Nova'),
(1783, 179, 'Mina de Água'),
(1784, 179, 'Venteira'),
(1785, 180, 'Arranhó'),
(1786, 180, 'Arruda dos Vinhos'),
(1787, 180, 'Cardosas'),
(1788, 180, 'Santiago dos Velhos'),
(1789, 181, 'Alcoentre'),
(1790, 181, 'Aveiras de Baixo'),
(1791, 181, 'Aveiras de Cima'),
(1792, 181, 'Azambuja'),
(1793, 181, 'Manique do Intendente, V.N.De S.Pedro e Maçussa'),
(1794, 181, 'Vale do Paraíso'),
(1795, 181, 'Vila Nova da Rainha'),
(1796, 182, 'Alguber'),
(1797, 182, 'Cadaval e Pêro Moniz'),
(1798, 182, 'Lamas e Cercal'),
(1799, 182, 'Painho e Figueiros'),
(1800, 182, 'Peral'),
(1801, 182, 'Vermelha'),
(1802, 182, 'Vilar'),
(1803, 183, 'Alcabideche'),
(1804, 183, 'Carcavelos e Parede'),
(1805, 183, 'Cascais e Estoril'),
(1806, 183, 'São Domingos de Rana'),
(1807, 184, 'Ajuda'),
(1808, 184, 'Alcântara'),
(1809, 184, 'Alvalade'),
(1810, 184, 'Areeiro'),
(1811, 184, 'Arroios'),
(1812, 184, 'Avenidas Novas'),
(1813, 184, 'Beato'),
(1814, 184, 'Belém'),
(1815, 184, 'Benfica'),
(1816, 184, 'Campo de Ourique'),
(1817, 184, 'Campolide'),
(1818, 184, 'Carnide'),
(1819, 184, 'Estrela'),
(1820, 184, 'Lumiar'),
(1821, 184, 'Marvila'),
(1822, 184, 'Misericórdia'),
(1823, 184, 'Olivais'),
(1824, 184, 'Parque das Nações'),
(1825, 184, 'Penha de França'),
(1826, 184, 'Santa Clara'),
(1827, 184, 'Santa Maria Maior'),
(1828, 184, 'Santo António'),
(1829, 184, 'São Domingos de Benfica'),
(1830, 184, 'São Vicente'),
(1831, 185, 'Bucelas'),
(1832, 185, 'Camarate, Unhos e Apelação'),
(1833, 185, 'Fanhões'),
(1834, 185, 'Loures'),
(1835, 185, 'Lousa'),
(1836, 185, 'Moscavide e Portela'),
(1837, 185, 'Sacavém e Prior Velho'),
(1838, 185, 'Santa Iria da Azoia, São João da Talha e Bobadela'),
(1839, 185, 'Santo Antão e São Julião do Tojal'),
(1840, 185, 'Santo António dos Cavaleiros e Frielas'),
(1841, 186, 'Lourinhã e Atalaia'),
(1842, 186, 'Miragaia e Marteleira'),
(1843, 186, 'Moita dos Ferreiros'),
(1844, 186, 'Reguengo Grande'),
(1845, 186, 'Ribamar'),
(1846, 186, 'Santa Bárbara'),
(1847, 186, 'São Bartolomeu dos Galegos e Moledo'),
(1848, 186, 'Vimeiro'),
(1849, 187, 'Azueira e Sobral da Abelheira'),
(1850, 187, 'Carvoeira'),
(1851, 187, 'Encarnação'),
(1852, 187, 'Enxara do Bispo, Gradil e Vila Franca do Rosário'),
(1853, 187, 'Ericeira'),
(1854, 187, 'Igreja Nova e Cheleiros'),
(1855, 187, 'Mafra'),
(1856, 187, 'Malveira e São Miguel de Alcainça'),
(1857, 187, 'Milharado'),
(1858, 187, 'Santo Isidoro'),
(1859, 187, 'Venda do Pinheiro e Santo Estêvão das Galés'),
(1860, 188, 'Odivelas'),
(1861, 188, 'Pontinha e Famões'),
(1862, 188, 'Póvoa de Santo Adrião e Olival Basto'),
(1863, 188, 'Ramada e Caneças'),
(1864, 189, 'Algés, Linda-a-Velha e Cruz Quebrada-Dafundo'),
(1865, 189, 'Barcarena'),
(1866, 189, 'Carnaxide e Queijas'),
(1867, 189, 'Oeiras e São Julião da Barra, Paço de Arcos e Caxias'),
(1868, 189, 'Porto Salvo'),
(1869, 190, 'Agualva e Mira-Sintra'),
(1870, 190, 'Algueirão-Mem Martins'),
(1871, 190, 'Almargem do Bispo, Pêro Pinheiro e Montelavar'),
(1872, 190, 'Cacém e São Marcos'),
(1873, 190, 'Casal de Cambra'),
(1874, 190, 'Colares'),
(1875, 190, 'Massamá e Monte Abraão'),
(1876, 190, 'Queluz e Belas'),
(1877, 190, 'Rio de Mouro'),
(1878, 190, 'S.Maria e S.Miguel, S.Martinho, S.Pedro Penaferrim'),
(1879, 190, 'São João das Lampas e Terrugem'),
(1880, 191, 'Santo Quintino'),
(1881, 191, 'Sapataria'),
(1882, 191, 'Sobral de Monte Agraço'),
(1883, 192, 'A dos Cunhados e Maceira'),
(1884, 192, 'Campelos e Outeiro da Cabeça'),
(1885, 192, 'Carvoeira e Carmões'),
(1886, 192, 'Dois Portos e Runa'),
(1887, 192, 'Freiria'),
(1888, 192, 'Maxial e Monte Redondo'),
(1889, 192, 'Ponte do Rol'),
(1890, 192, 'Ramalhal'),
(1891, 192, 'S.P., Santiago, S.M. Castelo e S.Miguel, Matacães'),
(1892, 192, 'São Pedro da Cadeira'),
(1893, 192, 'Silveira'),
(1894, 192, 'Turcifal'),
(1895, 192, 'Ventosa'),
(1896, 193, 'Alhandra, São João dos Montes e Calhandriz'),
(1897, 193, 'Alverca do Ribatejo e Sobralinho'),
(1898, 193, 'Castanheira do Ribatejo e Cashoeiras'),
(1899, 193, 'Póvoa de Santa Iria e Forte da Casa'),
(1900, 193, 'Vialonga'),
(1901, 193, 'Vila Franca de Xira'),
(1902, 194, 'Alter do Chão'),
(1903, 194, 'Chancelaria'),
(1904, 194, 'Cunheira'),
(1905, 194, 'Seda'),
(1906, 195, 'Assunção'),
(1907, 195, 'Esperança'),
(1908, 195, 'Mosteiros'),
(1909, 196, 'Alcórrego e Maranhão'),
(1910, 196, 'Aldeia Velha'),
(1911, 196, 'Avis'),
(1912, 196, 'Benavila e Valongo'),
(1913, 196, 'Ervedal'),
(1914, 196, 'Figueira e Barros'),
(1915, 197, 'Nossa Senhora da Expectação'),
(1916, 197, 'Nossa Senhora Graça Degolados'),
(1917, 197, 'São João Batista'),
(1918, 198, 'Nossa Senhora Graça Póvoa Meadas'),
(1919, 198, 'Santa Maria da Devesa'),
(1920, 198, 'Santiago Maior'),
(1921, 198, 'São João Batista'),
(1922, 199, 'Aldeia da Mata'),
(1923, 199, 'Crato e Mártires, Flor da Rosa e Vale do Peso'),
(1924, 199, 'Gáfete'),
(1925, 199, 'Monte da Pedra'),
(1926, 200, 'Assunção, Ajuda, Salvador e Santo Ildefonso'),
(1927, 200, 'Barbacena e Vila Fernando'),
(1928, 200, 'Caia, São Pedro e Alcáçova'),
(1929, 200, 'Santa Eulália'),
(1930, 200, 'São Brás e São Lourenço'),
(1931, 200, 'São Vicente e Ventosa'),
(1932, 200, 'Terrugem e Vila Boim'),
(1933, 201, 'Cabeço de Vide'),
(1934, 201, 'Fronteira'),
(1935, 201, 'São Saturnino'),
(1936, 202, 'Belver'),
(1937, 202, 'Comenda'),
(1938, 202, 'Gavião e Atalaia'),
(1939, 202, 'Margem'),
(1940, 203, 'Beirã'),
(1941, 203, 'Santa Maria de Marvão'),
(1942, 203, 'Santo António das Areias'),
(1943, 203, 'São Salvador da Aramenha'),
(1944, 204, 'Assumar'),
(1945, 204, 'Monforte'),
(1946, 204, 'Santo Aleixo'),
(1947, 204, 'Vaiamonte'),
(1948, 205, 'Alpalhão'),
(1949, 205, 'Arez e Amieira do Tejo'),
(1950, 205, 'Espírito Santo, Nossa Senhora da Graça e São Simão'),
(1951, 205, 'Montalvão'),
(1952, 205, 'Santana'),
(1953, 205, 'São Matias'),
(1954, 205, 'Tolosa'),
(1955, 206, 'Foros de Arrão'),
(1956, 206, 'Galveias'),
(1957, 206, 'Longomel'),
(1958, 206, 'Montargil'),
(1959, 206, 'Ponte de Sor, Tramaga e Vale de Açor'),
(1960, 207, 'Alagoa'),
(1961, 207, 'Alegrete'),
(1962, 207, 'Fortios'),
(1963, 207, 'Reguengo e São Julião'),
(1964, 207, 'Ribeira de Nisa e Carreiras'),
(1965, 207, 'Sé e São Lourenço'),
(1966, 207, 'Urra'),
(1967, 208, 'Cano'),
(1968, 208, 'Casa Branca'),
(1969, 208, 'Santo Amaro'),
(1970, 208, 'Sousel'),
(1971, 209, 'Aboadela, Sanche e Várzea'),
(1972, 209, 'Amarante (São Gonçalo), Madalena, Cepelos e Gatão'),
(1973, 209, 'Ansiães'),
(1974, 209, 'Bustelo, Carneiro e Carvalho de Rei'),
(1975, 209, 'Candemil'),
(1976, 209, 'Figueiró (Santiago e Santa Cristina)'),
(1977, 209, 'Fregim'),
(1978, 209, 'Freixo de Cima e de Baixo'),
(1979, 209, 'Fridão'),
(1980, 209, 'Gondar'),
(1981, 209, 'Gouveia (São Simão)'),
(1982, 209, 'Jazente'),
(1983, 209, 'Lomba'),
(1984, 209, 'Louredo'),
(1985, 209, 'Lufrei'),
(1986, 209, 'Mancelos'),
(1987, 209, 'Olo e Canadelo'),
(1988, 209, 'Padronelo'),
(1989, 209, 'Real, Ataíde e Oliveira'),
(1990, 209, 'Rebordelo'),
(1991, 209, 'Salvador do Monte'),
(1992, 209, 'Telões'),
(1993, 209, 'Travanca'),
(1994, 209, 'Vila Caiz'),
(1995, 209, 'Vila Chã do Marão'),
(1996, 209, 'Vila Garcia, Aboim e Chapa'),
(1997, 210, 'Ancede e Ribadouro'),
(1998, 210, 'Baião (Santa Leocádia) e Mesquinhata'),
(1999, 210, 'Campelo e Ovil'),
(2000, 210, 'Frende'),
(2001, 210, 'Gestaçô'),
(2002, 210, 'Gove'),
(2003, 210, 'Grilo'),
(2004, 210, 'Loivos da Ribeira e Tresouras'),
(2005, 210, 'Loivos do Monte'),
(2006, 210, 'Santa Cruz do Douro e São Tomé de Covelas'),
(2007, 210, 'Santa Marinha do Zêzere'),
(2008, 210, 'Teixeira e Teixeiró'),
(2009, 210, 'Valadares'),
(2010, 210, 'Viariz'),
(2011, 211, 'Aião'),
(2012, 211, 'Airães'),
(2013, 211, 'Friande'),
(2014, 211, 'Idães'),
(2015, 211, 'Jugueiros'),
(2016, 211, 'Macieira da Lixa e Caramos'),
(2017, 211, 'Margaride, Várzea, Lagares, Varziela, Moure'),
(2018, 211, 'Pedreira, Rande e Sernande'),
(2019, 211, 'Penacova'),
(2020, 211, 'Pinheiro'),
(2021, 211, 'Pombeiro de Ribavizela'),
(2022, 211, 'Refontoura'),
(2023, 211, 'Regilde'),
(2024, 211, 'Revinhade'),
(2025, 211, 'Sendim'),
(2026, 211, 'Torrados e Sousa'),
(2027, 211, 'Unhão e Lordelo'),
(2028, 211, 'Vila Cova da Lixa e Borba de Godim'),
(2029, 211, 'Vila Fria e Vizela (São Jorge)'),
(2030, 211, 'Vila Verde e Santão'),
(2031, 212, 'Baguim do Monte (Rio Tinto)'),
(2032, 212, 'Fânzeres e São Pedro da Cova'),
(2033, 212, 'Foz do Sousa e Covelo'),
(2034, 212, 'Gondomar (São Cosme), Valbom e Jovim'),
(2035, 212, 'Lomba'),
(2036, 212, 'Melres e Medas'),
(2037, 212, 'Rio Tinto'),
(2038, 213, 'Aveleda'),
(2039, 213, 'Caíde de Rei'),
(2040, 213, 'Cernadelo e Lousada (São Miguel e Santa Margarida)'),
(2041, 213, 'Cristelos, Boim e Ordem'),
(2042, 213, 'Figueiras e Covas'),
(2043, 213, 'Lodares'),
(2044, 213, 'Lustosa e Barrosas (Santo Estêvão)'),
(2045, 213, 'Macieira'),
(2046, 213, 'Meinedo'),
(2047, 213, 'Nespereira e Casais'),
(2048, 213, 'Nevogilde'),
(2049, 213, 'Silvares, Pias, Nogueira e Alvarenga'),
(2050, 213, 'Sousela'),
(2051, 213, 'Torno'),
(2052, 213, 'Vilar do Torno e Alentém'),
(2053, 214, 'Águas Santas'),
(2054, 214, 'Castêlo da Maia'),
(2055, 214, 'Cidade da Maia'),
(2056, 214, 'Folgosa'),
(2057, 214, 'Milheirós'),
(2058, 214, 'Moreira'),
(2059, 214, 'Nogueira e Silva Escura'),
(2060, 214, 'Pedrouços'),
(2061, 214, 'São Pedro Fins'),
(2062, 214, 'Vila Nova da Telha'),
(2063, 215, 'Apendorada, Várzea e Torrão'),
(2064, 215, 'Avessadas e Rosém'),
(2065, 215, 'Banho e Carvalhosa'),
(2066, 215, 'Bem Viver'),
(2067, 215, 'Constance'),
(2068, 215, 'Livração'),
(2069, 215, 'Marco'),
(2070, 215, 'Paredes de Viadores e Manhuncelos'),
(2071, 215, 'Penhalonga e Paços de Gaiolo'),
(2072, 215, 'Sande e São Lourenço'),
(2073, 215, 'Soalhães'),
(2074, 215, 'Sobretâmega'),
(2075, 215, 'Tabuado'),
(2076, 215, 'Várzea, Aliviada e Folhada'),
(2077, 215, 'Vila Boa de Quires e Maureles'),
(2078, 215, 'Vila Boa do Bispo'),
(2079, 216, 'Custóias, Leça do Balio e Guifões'),
(2080, 216, 'Matosinhos e Leça da Palmeira'),
(2081, 216, 'Perafita, Lavra e Santa Cruz do Bispo'),
(2082, 216, 'São Mamede de Infesta e Senhora da Hora'),
(2083, 217, 'Carvalhosa'),
(2084, 217, 'Eiriz'),
(2085, 217, 'Ferreira'),
(2086, 217, 'Figueiró'),
(2087, 217, 'Frazão Arreigada'),
(2088, 217, 'Freamunde'),
(2089, 217, 'Meixomil'),
(2090, 217, 'Paços de Ferreira'),
(2091, 217, 'Penamaior'),
(2092, 217, 'Raimonda'),
(2093, 217, 'Sanfins Lamoso Codessos'),
(2094, 217, 'Seroa'),
(2095, 218, 'Aguiar de Sousa'),
(2096, 218, 'Astromil'),
(2097, 218, 'Baltar'),
(2098, 218, 'Beire'),
(2099, 218, 'Cete'),
(2100, 218, 'Cristelo'),
(2101, 218, 'Duas Igrejas'),
(2102, 218, 'Gandra'),
(2103, 218, 'Lordelo'),
(2104, 218, 'Louredo'),
(2105, 218, 'Parada de Todeia'),
(2106, 218, 'Paredes'),
(2107, 218, 'Rebordosa'),
(2108, 218, 'Recarei'),
(2109, 218, 'Sobreira'),
(2110, 218, 'Sobrosa'),
(2111, 218, 'Vandoma'),
(2112, 218, 'Vilela'),
(2113, 219, 'Abragão'),
(2114, 219, 'Boelhe'),
(2115, 219, 'Bustelo'),
(2116, 219, 'Cabeça Santa'),
(2117, 219, 'Canelas'),
(2118, 219, 'Capela'),
(2119, 219, 'Castelões'),
(2120, 219, 'Croca'),
(2121, 219, 'Duas Igrejas'),
(2122, 219, 'Eja'),
(2123, 219, 'Fonte Arcada'),
(2124, 219, 'Galegos'),
(2125, 219, 'Guilhufe e Urrô'),
(2126, 219, 'Irivo'),
(2127, 219, 'Lagares e Figueira'),
(2128, 219, 'Luzim e Vila Cova'),
(2129, 219, 'Oldrões'),
(2130, 219, 'Paço de Sousa'),
(2131, 219, 'Penafiel'),
(2132, 219, 'Perozelo'),
(2133, 219, 'Rans'),
(2134, 219, 'Recezinhos (São Mamede)'),
(2135, 219, 'Recezinhos (São Martinho)'),
(2136, 219, 'Rio de Moinhos'),
(2137, 219, 'Rio Mau'),
(2138, 219, 'Sebolido'),
(2139, 219, 'Termas de São Vicente'),
(2140, 219, 'Valpedre'),
(2141, 220, 'Aldoar, Foz do Douro e Nevogilde'),
(2142, 220, 'Bonfim'),
(2143, 220, 'Campanhã'),
(2144, 220, 'Cedofeita, Santo Ildefonso, Sé, Miragaia, São Nicolau e Vitória'),
(2145, 220, 'Lordelo do Ouro e Massarelos'),
(2146, 220, 'Paranhos'),
(2147, 220, 'Ramalde'),
(2148, 221, 'Aguçadoura e Navais'),
(2149, 221, 'Aver-O-Mar, Amorim e Terroso'),
(2150, 221, 'Balazar'),
(2151, 221, 'Estrela'),
(2152, 221, 'Laúndos'),
(2153, 221, 'Póvoa de Varzim, Beiriz e Argivai'),
(2154, 221, 'Rates'),
(2155, 222, 'Agrela'),
(2156, 222, 'Água Longa'),
(2157, 222, 'Areias, Sequeiró, Lama e Palmeira'),
(2158, 222, 'Aves'),
(2159, 222, 'Campo, S.Salvador Campo, Negrelos'),
(2160, 222, 'Carreira e Refojos de Riba de Ave'),
(2161, 222, 'Lamelas e Guimarei'),
(2162, 222, 'Monte Córdova'),
(2163, 222, 'Negrelos (São Tomé)'),
(2164, 222, 'Rebordões'),
(2165, 222, 'Reguenga'),
(2166, 222, 'Roriz'),
(2167, 222, 'St.Tirso, Couto (S.Cristina e S.Miguel) e Burgães'),
(2168, 222, 'Vilarinho'),
(2169, 223, 'Alvarelhos e Guidões'),
(2170, 223, 'Bougado (São Martinho e Santiago)'),
(2171, 223, 'Coronado (São Romão e São Mamede)'),
(2172, 223, 'Covelas'),
(2173, 223, 'Muro'),
(2174, 224, 'Alfena'),
(2175, 224, 'Campo e Sobrado'),
(2176, 224, 'Ermesinde'),
(2177, 224, 'Valongo'),
(2178, 225, 'Árvore'),
(2179, 225, 'Aveleda'),
(2180, 225, 'Azurara'),
(2181, 225, 'Bagunte, Ferreiró, Outeiro Maior e Parada'),
(2182, 225, 'Fajozes'),
(2183, 225, 'Fornelo e Vairão'),
(2184, 225, 'Gião'),
(2185, 225, 'Guilhabreu'),
(2186, 225, 'Junqueira'),
(2187, 225, 'Labrugue'),
(2188, 225, 'Macieira da Maia'),
(2189, 225, 'Malta e Canidelo'),
(2190, 225, 'Mindelo'),
(2191, 225, 'Modivas'),
(2192, 225, 'Retorta e Tougues'),
(2193, 225, 'Rio Mau e Arcos'),
(2194, 225, 'Touguinha e Touguinhó'),
(2195, 225, 'Vila Chã'),
(2196, 225, 'Vila do Conde'),
(2197, 225, 'Vilar de Pinheiro'),
(2198, 225, 'Vilar e Mosteiró'),
(2199, 226, 'Arcozelo'),
(2200, 226, 'Avintes'),
(2201, 226, 'Canelas'),
(2202, 226, 'Canidelo'),
(2203, 226, 'Grijó e Sermonde'),
(2204, 226, 'Gulpilhares e Valadares'),
(2205, 226, 'Madalena'),
(2206, 226, 'Mafamude e Vilar do Paraíso'),
(2207, 226, 'Oliveira do Douro'),
(2208, 226, 'Pedroso e Seixezelo'),
(2209, 226, 'Sandim, Olival, Lever e Crestuma'),
(2210, 226, 'Santa Marinha e São Pedro da Afurada'),
(2211, 226, 'São Felix da Marinha'),
(2212, 226, 'Serzedo e Perosinho'),
(2213, 226, 'Vilar de Andorinho'),
(2214, 227, 'Abrantes (São Vicente e São João) e Alferrarede'),
(2215, 227, 'Aldeia do Mato e Souto'),
(2216, 227, 'Alvega e Concavada'),
(2217, 227, 'Bemposta'),
(2218, 227, 'Carvalhal'),
(2219, 227, 'Fontes'),
(2220, 227, 'Martinchel'),
(2221, 227, 'Mouriscas'),
(2222, 227, 'Pego'),
(2223, 227, 'Rio de Moinhos'),
(2224, 227, 'São Facundo e Vale das Mós'),
(2225, 227, 'São Miguel do Rio Torto e Rossio Ao Sul do Tejo'),
(2226, 227, 'Tramagal'),
(2227, 228, 'Alcanena e Vila Moreira'),
(2228, 228, 'Bugalhos'),
(2229, 228, 'Malhou, Louriceira e Espinheiro'),
(2230, 228, 'Minde'),
(2231, 228, 'Moitas Venda'),
(2232, 228, 'Monsanto'),
(2233, 228, 'Serra de Santo António'),
(2234, 229, 'Almeirim'),
(2235, 229, 'Benfica do Ribatejo'),
(2236, 229, 'Fazendas de Almeirim'),
(2237, 229, 'Raposa'),
(2238, 230, 'Alpiarça'),
(2239, 231, 'Barrosa'),
(2240, 231, 'Benavente'),
(2241, 231, 'Samora Correia'),
(2242, 231, 'Santo Estevão'),
(2243, 232, 'Cartaxo e Vale da Pinta'),
(2244, 232, 'Ereira e Lapa'),
(2245, 232, 'Pontével'),
(2246, 232, 'Valada'),
(2247, 232, 'Vale da Pedra'),
(2248, 232, 'Vila Chã de Ourique'),
(2249, 233, 'Carregueira'),
(2250, 233, 'Chamusca e Pinheiro Grande'),
(2251, 233, 'Parreira e Chouto'),
(2252, 233, 'Ulme'),
(2253, 233, 'Vale de Cavalos'),
(2254, 234, 'Constância'),
(2255, 234, 'Montalvo'),
(2256, 234, 'Santa Margarida da Coutada'),
(2257, 235, 'Biscaínho'),
(2258, 235, 'Branca'),
(2259, 235, 'Coruche, Fajarda e Erra'),
(2260, 235, 'Couço'),
(2261, 235, 'Santana do Mato'),
(2262, 235, 'São José da Lamarosa'),
(2263, 236, 'Nossa Senhora de Fátima'),
(2264, 236, 'São João Baptista'),
(2265, 237, 'Águas Belas'),
(2266, 237, 'Areias e Pias'),
(2267, 237, 'Beco'),
(2268, 237, 'Chãos'),
(2269, 237, 'Ferreira do Zêzere'),
(2270, 237, 'Igreja Nova do Sobral'),
(2271, 237, 'Nossa Senhora do Pranto'),
(2272, 238, 'Azinhaga'),
(2273, 238, 'Golegã'),
(2274, 238, 'Pombalinho'),
(2275, 239, 'Amêndoa'),
(2276, 239, 'Cardigos'),
(2277, 239, 'Carvoeiro'),
(2278, 239, 'Envendos'),
(2279, 239, 'Mação, Penhascoso e Aboboreira'),
(2280, 239, 'Ortiga'),
(2281, 240, 'Alburitel'),
(2282, 240, 'Atouguia'),
(2283, 240, 'Caxarias'),
(2284, 240, 'Espite'),
(2285, 240, 'Fátima'),
(2286, 240, 'Freixianda, Ribeira do Fárrio e Formigais'),
(2287, 240, 'Gondemaria e Olival'),
(2288, 240, 'Matas e Cercal'),
(2289, 240, 'Nossa Senhora da Piedade'),
(2290, 240, 'Nossa Senhora Misericórdias'),
(2291, 240, 'Rio de Couros e Casal dos Bernardos'),
(2292, 240, 'Seiça'),
(2293, 240, 'Urqueira'),
(2294, 241, 'Alcobertas'),
(2295, 241, 'Arrouquelas'),
(2296, 241, 'Asseiceira'),
(2297, 241, 'Azambujeira e Malaqueijo'),
(2298, 241, 'Fráguas'),
(2299, 241, 'Marmeleira e Assentiz'),
(2300, 241, 'Outeiro da Cortiçada e Arruda dos Pisões'),
(2301, 241, 'Rio Maior'),
(2302, 241, 'São João da Ribeira e Ribeira de São João'),
(2303, 241, 'São Sebastião'),
(2304, 242, 'Glória do Ribatejo e Granho'),
(2305, 242, 'Marinhais'),
(2306, 242, 'Muge'),
(2307, 242, 'Salvaterra de Magos e Foros de Salvaterra'),
(2308, 243, 'Abitueiras'),
(2309, 243, 'Abrã'),
(2310, 243, 'Achete, Azoia de Baixo e Póvoa de Santarém'),
(2311, 243, 'Alcanede'),
(2312, 243, 'Alcanhões'),
(2313, 243, 'Almoster'),
(2314, 243, 'Amiais de Baixo'),
(2315, 243, 'Arneiro das Milhariças'),
(2316, 243, 'Azoia de Cima e Tremês'),
(2317, 243, 'Casével e Vaqueiros'),
(2318, 243, 'Gançaria'),
(2319, 243, 'Marvila, ribeira Santarém, S. Salvador, S. Nicolau'),
(2320, 243, 'Moçarria'),
(2321, 243, 'Pernas'),
(2322, 243, 'Póvoa da Isenta'),
(2323, 243, 'Romeira e Várzea'),
(2324, 243, 'São Vicente do Paul e Vale de Figueira'),
(2325, 243, 'Vale de Santarém'),
(2326, 244, 'Alcaravela'),
(2327, 244, 'Santiago de Montalegre'),
(2328, 244, 'Sardoal'),
(2329, 244, 'Valhascos'),
(2330, 245, 'Além da ribeira e Pedreira'),
(2331, 245, 'Asseiceira'),
(2332, 245, 'Carregueiros'),
(2333, 245, 'Casais e Alviobeira'),
(2334, 245, 'Madalena e Beselga'),
(2335, 245, 'Olalhas'),
(2336, 245, 'Paialvo'),
(2337, 245, 'Sabacheira'),
(2338, 245, 'São João Baptista e Santa Maria dos Olivais'),
(2339, 245, 'São Pedro de Tomar'),
(2340, 245, 'Serra e Junceira'),
(2341, 246, 'Assentiz'),
(2342, 246, 'Brogueira, Parceiros de Igreja e Alcorochel'),
(2343, 246, 'Chancelaria'),
(2344, 246, 'Meia Via'),
(2345, 246, 'Olaia e Paço'),
(2346, 246, 'Pedrógão'),
(2347, 246, 'Riachos'),
(2348, 246, 'Torres Novas (Santa Maria, Salvador e Santiago'),
(2349, 246, 'Torres Novas (São Pedro), Lapas e Ribeira Branca'),
(2350, 246, 'Zibreira'),
(2351, 247, 'Atalaia'),
(2352, 247, 'Praia do Ribatejo'),
(2353, 247, 'Tancos'),
(2354, 247, 'Vila Nova da Barquinha'),
(2355, 248, 'Comporta'),
(2356, 248, 'Santa Maria do Castelo e Santiago e Santa Susana'),
(2357, 248, 'São Martinho'),
(2358, 248, 'Torrão'),
(2359, 249, 'Alcochete'),
(2360, 249, 'Samouco'),
(2361, 249, 'São Francisco'),
(2362, 250, 'Almada, Cova da Piedade, Pragal e Cacilhas'),
(2363, 250, 'Caparica e Trafaria'),
(2364, 250, 'Charneca de Caparica e Sobreda'),
(2365, 250, 'Costa da Caparica'),
(2366, 250, 'Laranjeiro e Feijó'),
(2367, 251, 'Alto do Seixalinho, Santo André e Verderena'),
(2368, 251, 'Barreiro e Lavradio'),
(2369, 251, 'Palhais e Coina'),
(2370, 251, 'Santo António da Charneca'),
(2371, 252, 'Grândola Barros e São Mamede do Sádão'),
(2372, 252, 'Carvalhal'),
(2373, 252, 'Grândola e Santa Margarida da Serra'),
(2374, 252, 'Melides'),
(2375, 253, 'Alhos Vedros'),
(2376, 253, 'Baixa da Banheira e Vale da Amoreira'),
(2377, 253, 'Gaio-Rosário e Sarilhos Pequenos'),
(2378, 253, 'Moita'),
(2379, 254, 'Atalaia e Alto Estanqueiro-Jardia'),
(2380, 254, 'Canha'),
(2381, 254, 'Montijo e Afonsoeiro'),
(2382, 254, 'Pegões'),
(2383, 254, 'Sarilhos Grandes'),
(2384, 255, 'Palmela'),
(2385, 255, 'Pinhal Novo'),
(2386, 255, 'Poceirão e Marateca'),
(2387, 255, 'Quinta do Anjo'),
(2388, 256, 'Abela'),
(2389, 256, 'Alvalade'),
(2390, 256, 'Cercal'),
(2391, 256, 'Ermidas-Sado'),
(2392, 256, 'Santiago do Cacém, S.Cruz e S.Bartolomeu da Serra'),
(2393, 256, 'Santo André'),
(2394, 256, 'São Domingos e Vale de Água'),
(2395, 256, 'São Francisco da Serra'),
(2396, 257, 'Amora'),
(2397, 257, 'Corroios'),
(2398, 257, 'Fernão Ferro'),
(2399, 257, 'Seixal, Arrentela e Aldeia de Paio Pires'),
(2400, 258, 'Quinta do Conde'),
(2401, 258, 'Sesimbra (Castelo)'),
(2402, 258, 'Sesimbra (Santiago)'),
(2403, 259, 'Azeitão (São Lourenço e São Simão)'),
(2404, 259, 'Gâmbia-Pontes-Alto Guerra'),
(2405, 259, 'S.Julião, N.S. da Anunciada e S.Maria da Graça'),
(2406, 259, 'Sado'),
(2407, 259, 'São Sebastião'),
(2408, 260, 'Porto Covo'),
(2409, 260, 'Sines'),
(2410, 261, 'Aboim das Choças'),
(2411, 261, 'Aguiã'),
(2412, 261, 'Alvora e Loureda'),
(2413, 261, 'Arcos de Valdevez (São Paio) e Giela'),
(2414, 261, 'Ázere'),
(2415, 261, 'Cabana Maior'),
(2416, 261, 'Cabreiro'),
(2417, 261, 'Cendufe'),
(2418, 261, 'Couto'),
(2419, 261, 'Eiras e Mei'),
(2420, 261, 'Gavieira'),
(2421, 261, 'Gondoriz'),
(2422, 261, 'Grade e Carralcova'),
(2423, 261, 'Guilhadeses e Santar'),
(2424, 261, 'Jolda (Madalena) e Rio Cabrão'),
(2425, 261, 'Jolda (São Paio)'),
(2426, 261, 'Miranda'),
(2427, 261, 'Monte Redondo'),
(2428, 261, 'Oliveira'),
(2429, 261, 'Paçô'),
(2430, 261, 'Padreiro (Salvador e Santa Cristina)'),
(2431, 261, 'Padroso'),
(2432, 261, 'Portela e Extremo'),
(2433, 261, 'Prozelo'),
(2434, 261, 'Rio de Moinhos'),
(2435, 261, 'Rio Frio'),
(2436, 261, 'Sabadim'),
(2437, 261, 'Salvador, Vila Fonche e Parada'),
(2438, 261, 'São Jorge e Ermelo'),
(2439, 261, 'Senharei'),
(2440, 261, 'Sistelo'),
(2441, 261, 'Soajo'),
(2442, 261, 'Souto e Tabaçô'),
(2443, 261, 'Távora (Santa Maria e São Vicente)'),
(2444, 261, 'Vale'),
(2445, 261, 'Vilela, São Cosme e São Damião e Sá'),
(2446, 262, 'Âncora'),
(2447, 262, 'Arga (Baixo, Cima e São João)'),
(2448, 262, 'Argela'),
(2449, 262, 'Caminha (Matriz) e Vilarelho'),
(2450, 262, 'Dem'),
(2451, 262, 'Gondar e Orbacém'),
(2452, 262, 'Lanhelas'),
(2453, 262, 'Moledo e Cristelo'),
(2454, 262, 'Riba de Âncora'),
(2455, 262, 'Seixas'),
(2456, 262, 'Venade e Azevedo'),
(2457, 262, 'Vila Praia de Âncora'),
(2458, 262, 'Vilar de Mouros'),
(2459, 262, 'Vile'),
(2460, 263, 'Alvaredo'),
(2461, 263, 'Castro Laboreiro e Lamas de Mouro'),
(2462, 263, 'Chaviães e Paços'),
(2463, 263, 'Cousso'),
(2464, 263, 'Cristoval'),
(2465, 263, 'Fiães'),
(2466, 263, 'Gave'),
(2467, 263, 'Paderne'),
(2468, 263, 'Parada do Monte e Cubalhão'),
(2469, 263, 'Penso'),
(2470, 263, 'Prado e Remoães'),
(2471, 263, 'São Paio'),
(2472, 263, 'Vila e Roussas'),
(2473, 264, 'Abedim'),
(2474, 264, 'Anhões e Luzio'),
(2475, 264, 'Barbeita'),
(2476, 264, 'Barroças e Taias'),
(2477, 264, 'Bela'),
(2478, 264, 'Cambeses'),
(2479, 264, 'Ceivães e Badim'),
(2480, 264, 'Lara'),
(2481, 264, 'Longos Vales'),
(2482, 264, 'Mazedo e Cortes'),
(2483, 264, 'Merufe'),
(2484, 264, 'Messegães, Valadares e Sá'),
(2485, 264, 'Monção e Troviscoso'),
(2486, 264, 'Moreira'),
(2487, 264, 'Pias'),
(2488, 264, 'Pinheiros'),
(2489, 264, 'Podame'),
(2490, 264, 'Portela'),
(2491, 264, 'Riba de Mouro'),
(2492, 264, 'Sago, Lordelo e Parada'),
(2493, 264, 'Segude'),
(2494, 264, 'Tangil'),
(2495, 264, 'Troporiz e Lapela'),
(2496, 264, 'Trute'),
(2497, 265, 'Agualonga'),
(2498, 265, 'Bico e Cristelo'),
(2499, 265, 'Castanheira'),
(2500, 265, 'Cossourado e Linhares'),
(2501, 265, 'Coura'),
(2502, 265, 'Cunha'),
(2503, 265, 'Formariz e Ferreira'),
(2504, 265, 'Infesta'),
(2505, 265, 'Insalde e Porreiras'),
(2506, 265, 'Mozelos'),
(2507, 265, 'Padornelo'),
(2508, 265, 'Parada'),
(2509, 265, 'Paredes de Coura e Resende'),
(2510, 265, 'Romarigães'),
(2511, 265, 'Rubiães'),
(2512, 265, 'Vascões'),
(2513, 266, 'Azias'),
(2514, 266, 'Boivães'),
(2515, 266, 'Bravães'),
(2516, 266, 'Britelo'),
(2517, 266, 'Castro, Ruivos e Grovelas'),
(2518, 266, 'Cuide de Vila Verde'),
(2519, 266, 'Entre Ambos-Os-Rios, Ermida e Germil'),
(2520, 266, 'Lavradas'),
(2521, 266, 'Lindoso'),
(2522, 266, 'Nogueira'),
(2523, 266, 'Oleiros'),
(2524, 266, 'Ponte da Barca, V.N. Muía, Paço Vedro Magalhães'),
(2525, 266, 'Sampriz'),
(2526, 266, 'Touvedo (São Lourenço e Salvador)'),
(2527, 266, 'Vade (São Pedro)'),
(2528, 266, 'Vade (São Tomé)'),
(2529, 266, 'Vila Chã (São João Baptista e Santiago)'),
(2530, 267, 'Anais'),
(2531, 267, 'Arca e Ponte de Lima'),
(2532, 267, 'Arcozelo'),
(2533, 267, 'Ardegão, Freixo e Mato'),
(2534, 267, 'Associação de Freguesias do Vale do Neiva'),
(2535, 267, 'Bárrio e Cepões'),
(2536, 267, 'Beiral do Lima'),
(2537, 267, 'Bertiandos'),
(2538, 267, 'Boalhosa'),
(2539, 267, 'Brandara'),
(2540, 267, 'Cabaços e Fojo Lobal'),
(2541, 267, 'Cabração e Moreira do Lima'),
(2542, 267, 'Calheiros'),
(2543, 267, 'Calvelo'),
(2544, 267, 'Correlhã'),
(2545, 267, 'Estorãos'),
(2546, 267, 'Facha'),
(2547, 267, 'Feitosa'),
(2548, 267, 'Fontão'),
(2549, 267, 'Fornelas e Queijada'),
(2550, 267, 'Friastelas'),
(2551, 267, 'Gandra'),
(2552, 267, 'Gemieira'),
(2553, 267, 'Gondufe'),
(2554, 267, 'Labruja'),
(2555, 267, 'Labrujó, Rendufe e Vilar do Monte'),
(2556, 267, 'Naió e Vitorino dos Piães'),
(2557, 267, 'Poiares'),
(2558, 267, 'Rebordões (Santa Maria)'),
(2559, 267, 'Rebordões (Souto)'),
(2560, 267, 'Refóios do Lima'),
(2561, 267, 'Ribeira'),
(2562, 267, 'Sá'),
(2563, 267, 'Santa Comba'),
(2564, 267, 'Santa Cruz de Lima'),
(2565, 267, 'São Pedro de Arcos'),
(2566, 267, 'Seara'),
(2567, 267, 'Serdelo'),
(2568, 267, 'Vitorino das Donas'),
(2569, 268, 'Boivão'),
(2570, 268, 'Cerdal'),
(2571, 268, 'Fontoura'),
(2572, 268, 'Friestas'),
(2573, 268, 'Gandra e Taião'),
(2574, 268, 'Ganfei'),
(2575, 268, 'Gondomil e Sanfins'),
(2576, 268, 'São Julião e Silva'),
(2577, 268, 'São Pedro da Torre'),
(2578, 268, 'Valença, Cristelo Covo e Arão'),
(2579, 268, 'Verdoejo'),
(2580, 269, 'Afife'),
(2581, 269, 'Alvarães'),
(2582, 269, 'Amonde'),
(2583, 269, 'Areosa'),
(2584, 269, 'Barroselas e Carvoeiro'),
(2585, 269, 'Cardielos e Serreleis'),
(2586, 269, 'Carreço'),
(2587, 269, 'Castelo do Neiva'),
(2588, 269, 'Chafé'),
(2589, 269, 'Darque'),
(2590, 269, 'Freixeiro de Soutelo'),
(2591, 269, 'Geraz do Lima (S.Maria, S.Leocádia, Moreira), Deão'),
(2592, 269, 'Lanheses'),
(2593, 269, 'Mazarefes e Vila Fria'),
(2594, 269, 'Montaria'),
(2595, 269, 'Mujães'),
(2596, 269, 'Nogueira, Meixedo e Vilar de Murteda'),
(2597, 269, 'Outeiro'),
(2598, 269, 'Perre'),
(2599, 269, 'Santa Maria Maior e Monserrate e Meadela'),
(2600, 269, 'Santa Marta de Portuzelo'),
(2601, 269, 'São Romão de Neiva'),
(2602, 269, 'Subportela, Deocriste e Portela Susã'),
(2603, 269, 'Torre e Vila Mou'),
(2604, 269, 'Vila de Punhe'),
(2605, 269, 'Vila Franca'),
(2606, 269, 'Vila Nova de Anha'),
(2607, 270, 'Campos e Vila Meã'),
(2608, 270, 'Candemil e Gondar'),
(2609, 270, 'Cornes'),
(2610, 270, 'Covas'),
(2611, 270, 'Gondarém'),
(2612, 270, 'Loivo'),
(2613, 270, 'Mentrestido'),
(2614, 270, 'Reboreda e Nogueira'),
(2615, 270, 'Sapardos'),
(2616, 270, 'Sopo'),
(2617, 270, 'Vila Nova de Cerveira e Lovelhe'),
(2618, 271, 'Alijó'),
(2619, 271, 'Carlão e Amieiro'),
(2620, 271, 'Castedo e Cotas'),
(2621, 271, 'Favaios'),
(2622, 271, 'Pegarinhos'),
(2623, 271, 'Pinhão'),
(2624, 271, 'Pópulo e Ribalonga'),
(2625, 271, 'Sanfins do Douro'),
(2626, 271, 'Santa Eugénia'),
(2627, 271, 'São Mamede de Ribatua'),
(2628, 271, 'Vale Mendiz, Casal Loivos, Vilarinho Cotas'),
(2629, 271, 'Vila Chã'),
(2630, 271, 'Vila Verde'),
(2631, 271, 'Vilar de Maçada'),
(2632, 272, 'Alturas do Barroso e Cerdedo'),
(2633, 272, 'Ardãos e Bobadela'),
(2634, 272, 'Beça'),
(2635, 272, 'Boticas e Granja'),
(2636, 272, 'Codessoso, Curros e Fiães do Tâmega'),
(2637, 272, 'Covas do Barroso'),
(2638, 272, 'Dornelas'),
(2639, 272, 'Pinho'),
(2640, 272, 'Sapiãos'),
(2641, 272, 'Vilar e Viveiro'),
(2642, 273, 'Águas Frias'),
(2643, 273, 'Anelhe'),
(2644, 273, 'Bustelo'),
(2645, 273, 'Calvão e Soutelinho da Raia'),
(2646, 273, 'Cimo de Vila de Castanheira'),
(2647, 273, 'Curalha'),
(2648, 273, 'Eiras, São Julião de Montenegro e Cela'),
(2649, 273, 'Ervededo'),
(2650, 273, 'Faiões'),
(2651, 273, 'Lama de Arcos'),
(2652, 273, 'Loivos e Póvoa de Agrações'),
(2653, 273, 'Madalena e Samaiões'),
(2654, 273, 'Mairos'),
(2655, 273, 'Moreiras'),
(2656, 273, 'Nogueira da Montanha'),
(2657, 273, 'Oura'),
(2658, 273, 'Outeiro Seco'),
(2659, 273, 'Paradela'),
(2660, 273, 'Planalto de Monforte (Oucidres e Bobadela)'),
(2661, 273, 'Redondelo'),
(2662, 273, 'Sanfins'),
(2663, 273, 'Santa Cruz/Trindade e Sanjurge'),
(2664, 273, 'Santa Leocádia'),
(2665, 273, 'Santa Maria Maior'),
(2666, 273, 'Santo António de Monforte'),
(2667, 273, 'Santo Estevão'),
(2668, 273, 'São Pedro de Agostem'),
(2669, 273, 'São Vicente'),
(2670, 273, 'Soutelo e Seara Velha'),
(2671, 273, 'Travancas e Roriz'),
(2672, 273, 'Tronco'),
(2673, 273, 'Vale de Anta'),
(2674, 273, 'Vidago, Arcossó, Selhariz, Vilarinho Paranheiras'),
(2675, 273, 'Vila Verde de Raia'),
(2676, 273, 'Vilar de Nantes'),
(2677, 273, 'Vilarelho da Raia'),
(2678, 273, 'Vilas Boas'),
(2679, 273, 'Vilela do Tâmega'),
(2680, 273, 'Vilela Seca'),
(2681, 274, 'Barqueiras'),
(2682, 274, 'Cidadelhe'),
(2683, 274, 'Mesão Frio (Santo André)'),
(2684, 274, 'Oliveira'),
(2685, 274, 'Vila Marim'),
(2686, 275, 'Atei'),
(2687, 275, 'Bilhó'),
(2688, 275, 'Campanhó e Paradança'),
(2689, 275, 'Ermelo e Pardelhas'),
(2690, 275, 'Mondim de Basto'),
(2691, 275, 'Vilar de Ferreiros'),
(2692, 276, 'Cabril'),
(2693, 276, 'Cambeses do Rio, Donões e Mourilhe'),
(2694, 276, 'Cervos'),
(2695, 276, 'Chã'),
(2696, 276, 'Covelo do Gerez'),
(2697, 276, 'Ferral'),
(2698, 276, 'Gralhas'),
(2699, 276, 'Meixedo e Padornelos'),
(2700, 276, 'Montalegre e Padroso'),
(2701, 276, 'Morgade'),
(2702, 276, 'Negrões'),
(2703, 276, 'Outeiro'),
(2704, 276, 'Paradela, Contim e Fiães'),
(2705, 276, 'Pitões das Junias'),
(2706, 276, 'Reigoso'),
(2707, 276, 'Salto'),
(2708, 276, 'Santo André'),
(2709, 276, 'Sarraquinhos'),
(2710, 276, 'Sezelhe e Covelães'),
(2711, 276, 'Solveira'),
(2712, 276, 'Tourém'),
(2713, 276, 'Venda Nova e Pondras'),
(2714, 276, 'Viade de Baixo e Fervidelas'),
(2715, 276, 'Vila da Ponte'),
(2716, 276, 'Vilar de Perdizes e Meixide'),
(2717, 277, 'Candedo'),
(2718, 277, 'Carva e Vilares'),
(2719, 277, 'Fiolhoso'),
(2720, 277, 'Jou'),
(2721, 277, 'Murça'),
(2722, 277, 'Noura e Palheiros'),
(2723, 277, 'Valongo e Milhais'),
(2724, 278, 'Fontelas'),
(2725, 278, 'Galafura e Covelinhas'),
(2726, 278, 'Loureira'),
(2727, 278, 'Moura Morta e Vinhós'),
(2728, 278, 'Peso da Régua e Godim'),
(2729, 278, 'Poiares e Canelas'),
(2730, 278, 'Sedielos'),
(2731, 278, 'Vilarinho dos Freires'),
(2732, 279, 'Alvadia'),
(2733, 279, 'Canedo'),
(2734, 279, 'Cerva e Limões'),
(2735, 279, 'Salvador e Santo Aleixo de Além-Tâmega'),
(2736, 279, 'Santa Marinha'),
(2737, 280, 'Celeirós'),
(2738, 280, 'Covas do Douro'),
(2739, 280, 'Gouvinhas'),
(2740, 280, 'Paços'),
(2741, 280, 'Parada de Pinhão'),
(2742, 280, 'Provesende, Gouvães Douro, S.Cristóvão Douro'),
(2743, 280, 'Sabrosa'),
(2744, 280, 'São Lourenço de Ribapinhão'),
(2745, 280, 'São Martinho de Antas e Paradela de Guiães'),
(2746, 280, 'Souto Maior'),
(2747, 280, 'Torre do Pinhão'),
(2748, 280, 'Vilarinho de São Romão'),
(2749, 281, 'Alvações do Corgo'),
(2750, 281, 'Cumieira'),
(2751, 281, 'Fontes'),
(2752, 281, 'Lobrigos (S.Miguel e S.João Baptista) e Sanhoane'),
(2753, 281, 'Louredo e Fornelos'),
(2754, 281, 'Medrões'),
(2755, 281, 'Sever'),
(2756, 282, 'Água Revês e Crasto'),
(2757, 282, 'Argeriz'),
(2758, 282, 'Bouçoães'),
(2759, 282, 'Canaveses'),
(2760, 282, 'Carrazedo de Montenegro e Curros'),
(2761, 282, 'Ervões'),
(2762, 282, 'Fornos do Pinhal'),
(2763, 282, 'Friões'),
(2764, 282, 'Lebução, Fiães e Nozelos'),
(2765, 282, 'Padrelo e Tázem'),
(2766, 282, 'Possacos'),
(2767, 282, 'Rio Torto'),
(2768, 282, 'Santa Maria de Emeres'),
(2769, 282, 'Santa Valha'),
(2770, 282, 'Santiago Ribeira de Alhariz'),
(2771, 282, 'São João de Corveira'),
(2772, 282, 'São Pedro de Veiga de Lila'),
(2773, 282, 'Serapicos'),
(2774, 282, 'Sonim e Barreiros'),
(2775, 282, 'Tinhela e Alvarelhos'),
(2776, 282, 'Vales'),
(2777, 282, 'Valpaços e Sanfins'),
(2778, 282, 'Vassal'),
(2779, 282, 'Veiga de Lila'),
(2780, 282, 'Vilarandelo'),
(2781, 283, 'Alfarela de Jales'),
(2782, 283, 'Alvão'),
(2783, 283, 'Bornes de Aguiar'),
(2784, 283, 'Bragado'),
(2785, 283, 'Capeludos'),
(2786, 283, 'Pensalvos e Parada de Monteiros'),
(2787, 283, 'Sabroso de Aguiar'),
(2788, 283, 'Soutelo de Aguiar'),
(2789, 283, 'Telões'),
(2790, 283, 'Tresminas'),
(2791, 283, 'Valoura'),
(2792, 283, 'Vila Pouca de Aguiar'),
(2793, 283, 'Vreia de Bornes'),
(2794, 283, 'Vreia de Jales'),
(2795, 284, 'Abaças'),
(2796, 284, 'Adoufe e Vilarinho de Samardã'),
(2797, 284, 'Andrães'),
(2798, 284, 'Arroios'),
(2799, 284, 'Bordela e Lamas de Olo'),
(2800, 284, 'Campeã'),
(2801, 284, 'Constantim e Vale de Nogueiras'),
(2802, 284, 'Folhadela'),
(2803, 284, 'Guiães'),
(2804, 284, 'Lordelo'),
(2805, 284, 'Mateus'),
(2806, 284, 'Mondrões'),
(2807, 284, 'Mouçós e Lamares'),
(2808, 284, 'Nogueira e Ermida'),
(2809, 284, 'Parada de Cunhos'),
(2810, 284, 'Pena, Quintã e Vila Cova'),
(2811, 284, 'São Tomé do Castelo e Justes'),
(2812, 284, 'Torgueda'),
(2813, 284, 'União das freguesias de Vila Real'),
(2814, 284, 'Vila Marim'),
(2815, 285, 'Aldeias'),
(2816, 285, 'Aricera de Goujoim'),
(2817, 285, 'Armamar'),
(2818, 285, 'Cimbres'),
(2819, 285, 'Folgosa'),
(2820, 285, 'Fontelo'),
(2821, 285, 'Queimada'),
(2822, 285, 'Queimadela'),
(2823, 285, 'Santa Cruz'),
(2824, 285, 'São Cosmado'),
(2825, 285, 'São Martinho das Chãs'),
(2826, 285, 'São Romão e Santiago'),
(2827, 285, 'Vacalar'),
(2828, 285, 'Vila Seca e Santo Adrião'),
(2829, 286, 'Beijós'),
(2830, 286, 'Cabanas de Viriato'),
(2831, 286, 'Currelos, Papízios e Sobral'),
(2832, 286, 'Oliveira do Conde'),
(2833, 286, 'Parada'),
(2834, 287, 'Almofala'),
(2835, 287, 'Cabril'),
(2836, 287, 'Castro Daire'),
(2837, 287, 'Cujó'),
(2838, 287, 'Gosende'),
(2839, 287, 'Mamouros, Alva e Ribolhos'),
(2840, 287, 'Mezio e Moura Morta'),
(2841, 287, 'Mões'),
(2842, 287, 'Moledo'),
(2843, 287, 'Monteiras'),
(2844, 287, 'Parada de Ester e Ester'),
(2845, 287, 'Pepim'),
(2846, 287, 'Picão e Ermida'),
(2847, 287, 'Pinheiro'),
(2848, 287, 'Reriz e Gafanhão'),
(2849, 287, 'São Joaninho'),
(2850, 288, 'Alhões, Bustelo, Gralheira e Ramires'),
(2851, 288, 'Cinfães'),
(2852, 288, 'Espadanedo'),
(2853, 288, 'Ferreiros de Tendais'),
(2854, 288, 'Fornelos'),
(2855, 288, 'Moimenta'),
(2856, 288, 'Nespereira'),
(2857, 288, 'Oliveira'),
(2858, 288, 'Santiago de Piães'),
(2859, 288, 'São Cristóvão de Nogueira'),
(2860, 288, 'Souselo'),
(2861, 288, 'Tarouquela'),
(2862, 288, 'Tendais'),
(2863, 288, 'Travanca'),
(2864, 289, 'Avões'),
(2865, 289, 'Bigorne, Magueija e Pretarouca'),
(2866, 289, 'Britiante'),
(2867, 289, 'Cambres'),
(2868, 289, 'Cepões, Meijinhos e Melcões'),
(2869, 289, 'Ferreirim'),
(2870, 289, 'Ferreiros de Avões'),
(2871, 289, 'Figueira'),
(2872, 289, 'Lalim'),
(2873, 289, 'Lamego (Almacave e Sé)'),
(2874, 289, 'Lazarim'),
(2875, 289, 'Parada do Bispo e Valdigem'),
(2876, 289, 'Penajóia'),
(2877, 289, 'Penude'),
(2878, 289, 'Samodães'),
(2879, 289, 'Sande'),
(2880, 289, 'Várzea de Abrunhais'),
(2881, 289, 'Vila Nova Souto D´El-Rei'),
(2882, 290, 'Abrunhosa-a-Velha'),
(2883, 290, 'Alcafache'),
(2884, 290, 'Cunha Baixa'),
(2885, 290, 'Espinho'),
(2886, 290, 'Fornos de Maceira Dão'),
(2887, 290, 'Freixiosa'),
(2888, 290, 'Mangualde, Mesquitela e Cunha Alta'),
(2889, 290, 'Moimenta de Maceira Dão e Lobelhe do Mato'),
(2890, 290, 'Quintela de Azurara'),
(2891, 290, 'Santiago de Cassurrães e Póvoa de Cervães'),
(2892, 290, 'São João da Fresta'),
(2893, 290, 'Tavares (Chãs, Várzea e Travanca)'),
(2894, 291, 'Alvite'),
(2895, 291, 'Arcozelos'),
(2896, 291, 'Baldos'),
(2897, 291, 'Cabaços'),
(2898, 291, 'Caria'),
(2899, 291, 'Castelo'),
(2900, 291, 'Leomil'),
(2901, 291, 'Moimenta da Beira'),
(2902, 291, 'Paradinha e Nagosa'),
(2903, 291, 'Passô'),
(2904, 291, 'Pêra Velha, Aldeia de Nacomba e Ariz'),
(2905, 291, 'Peva e Segões'),
(2906, 291, 'Rua'),
(2907, 291, 'Sarzedo'),
(2908, 291, 'Sever'),
(2909, 291, 'Vilar'),
(2910, 292, 'Cercosa'),
(2911, 292, 'Espinho'),
(2912, 292, 'Marmeleira'),
(2913, 292, 'Mortágua, Vale de Remígio, Cortegaça e Almaça'),
(2914, 292, 'Pala'),
(2915, 292, 'Sobral'),
(2916, 292, 'Trezói'),
(2917, 293, 'Canas de Senhorim'),
(2918, 293, 'Carvalhal Redondo e Aguieira'),
(2919, 293, 'Lapa do Lobo'),
(2920, 293, 'Nelas'),
(2921, 293, 'Santar e Moreira'),
(2922, 293, 'Senhorim'),
(2923, 293, 'Vilar Seco'),
(2924, 294, 'Arca e Varzielas'),
(2925, 294, 'Arcozelo das Maias'),
(2926, 294, 'Destriz e Reigoso'),
(2927, 294, 'Oliveira de Frades, Souto de Lafões e Sejães'),
(2928, 294, 'Pinheiro'),
(2929, 294, 'Ribeiradio'),
(2930, 294, 'São João da Serra'),
(2931, 294, 'São Vicente de Lafões'),
(2932, 295, 'Antas e Matela'),
(2933, 295, 'Castelo de Penalva'),
(2934, 295, 'Esmolfe'),
(2935, 295, 'Germil'),
(2936, 295, 'Insua'),
(2937, 295, 'Lusinde'),
(2938, 295, 'Pindo'),
(2939, 295, 'Real'),
(2940, 295, 'Sezures'),
(2941, 295, 'Trancozelos'),
(2942, 295, 'Vila Cova do Covelo/Mareco'),
(2943, 296, 'Antas e Ourozinho'),
(2944, 296, 'Beselga'),
(2945, 296, 'Castainço'),
(2946, 296, 'Penedono e Granja'),
(2947, 296, 'Penela da Beira'),
(2948, 296, 'Póvoa de Penela'),
(2949, 296, 'Souto'),
(2950, 297, 'Anreade e São Romão de Aregos'),
(2951, 297, 'Barrô'),
(2952, 297, 'Cárquere'),
(2953, 297, 'Felgueiras e Feirão'),
(2954, 297, 'Freigil e Miomães'),
(2955, 297, 'Ovadas e Panchorra'),
(2956, 297, 'Paus'),
(2957, 297, 'Resende'),
(2958, 297, 'São Cipriano'),
(2959, 297, 'São João de Fontoura'),
(2960, 297, 'São Martinho de Mouros'),
(2961, 298, 'Ovoa e Vimieiro'),
(2962, 298, 'Pinheiro de Ázere'),
(2963, 298, 'Santa Comba Dão e Couto do Mosteiro'),
(2964, 298, 'São Joaninho'),
(2965, 298, 'São João de Areias'),
(2966, 298, 'Treixedo e Nagozela'),
(2967, 299, 'Castanheiro do Sul'),
(2968, 299, 'Ervedosa do Douro'),
(2969, 299, 'Nagoselo do Douro'),
(2970, 299, 'Paredes da Beira'),
(2971, 299, 'Riodades'),
(2972, 299, 'São João da Pesqueira e Várzea de Trevões'),
(2973, 299, 'Soutelo do Douro'),
(2974, 299, 'Trevões e Espinhosa'),
(2975, 299, 'Vale de Figueira'),
(2976, 299, 'Valongo dos Azeites'),
(2977, 299, 'Vilarouco e Pereiros'),
(2978, 300, 'Bordonhos'),
(2979, 300, 'Carvalhais e Candal'),
(2980, 300, 'Figueiredo de Alva'),
(2981, 300, 'Manhouce'),
(2982, 300, 'Pindelo dos Milagres'),
(2983, 300, 'Pinho'),
(2984, 300, 'Santa Cruz da Trapa e São Cristóvão de Lafões'),
(2985, 300, 'São Félix'),
(2986, 300, 'São Martinho das Moitas e Covas do Rio'),
(2987, 300, 'São Pedro do Sul, Várzea e Baiões'),
(2988, 300, 'Serrazes'),
(2989, 300, 'Sul'),
(2990, 300, 'Valadares'),
(2991, 300, 'Vila Maior'),
(2992, 301, 'Águas Boas e Forles'),
(2993, 301, 'Avelal'),
(2994, 301, 'Ferreira de Aves'),
(2995, 301, 'Mioma'),
(2996, 301, 'Rio de Moinhos'),
(2997, 301, 'Romãs, Decermilo e Vila Longa'),
(2998, 301, 'São Miguel de Vila Boa'),
(2999, 301, 'Sátão'),
(3000, 301, 'Silvã de Cima'),
(3001, 302, 'Arnas'),
(3002, 302, 'Carregal'),
(3003, 302, 'Chosendo'),
(3004, 302, 'Cunha'),
(3005, 302, 'Faia'),
(3006, 302, 'Ferreirim e Macieira'),
(3007, 302, 'Fonte Arcada e Escurquela'),
(3008, 302, 'Granjal'),
(3009, 302, 'Lamosa'),
(3010, 302, 'Penso e Freixinho'),
(3011, 302, 'Quintela'),
(3012, 302, 'Sernancelhe e Sarzeda'),
(3013, 302, 'Vila da Ponte'),
(3014, 303, 'Adorigo'),
(3015, 303, 'Arcos'),
(3016, 303, 'Barcos e Santa Leocádia'),
(3017, 303, 'Chavões'),
(3018, 303, 'Desejosa'),
(3019, 303, 'Granja do Tedo'),
(3020, 303, 'Longa'),
(3021, 303, 'Paradela e Granjinha'),
(3022, 303, 'Pinheiros e Vale de Figueira'),
(3023, 303, 'Sendim'),
(3024, 303, 'Tabuaço'),
(3025, 303, 'Távora e Pereiro'),
(3026, 303, 'Valença do Douro'),
(3027, 304, 'Gouviães e Ucanha'),
(3028, 304, 'Granja Nova e Vila Chã da Beira'),
(3029, 304, 'Mondim da Beira'),
(3030, 304, 'Salzedas'),
(3031, 304, 'São João de Tarouca'),
(3032, 304, 'Tarouca e Dálvares'),
(3033, 304, 'Várzea da Serra'),
(3034, 305, 'Barreiro de Besteiros e Tourigo'),
(3035, 305, 'Campo de Besteiros'),
(3036, 305, 'Canas de Santa Maria'),
(3037, 305, 'Caparrosa e Silvares'),
(3038, 305, 'Castelões'),
(3039, 305, 'Dardavaz'),
(3040, 305, 'Ferreirós do Dão'),
(3041, 305, 'Guardão'),
(3042, 305, 'Lajeosa do Dão'),
(3043, 305, 'Lobão da Beira'),
(3044, 305, 'Molelos'),
(3045, 305, 'Mouraz e Vila Nova da Rainha'),
(3046, 305, 'Parada de Gonta'),
(3047, 305, 'Santiago de Besteiros'),
(3048, 305, 'São João do Monte e Mosteirinho'),
(3049, 305, 'São Miguel do Outeiro e Sabugosa'),
(3050, 305, 'Tonda'),
(3051, 305, 'Tondela e Nandufe'),
(3052, 305, 'Vilar de Besteiros e Mosteiro de Fráguas'),
(3053, 306, 'Pendilhe'),
(3054, 306, 'Queiriga'),
(3055, 306, 'Touro'),
(3056, 306, 'Vila Cova à Coelheira'),
(3057, 306, 'Vila Nova de Paiva, Alhais e Fráguas'),
(3058, 307, 'Abraveses'),
(3059, 307, 'Barreiros e Cepões'),
(3060, 307, 'Boa Aldeia, Farminhão e Torredeita'),
(3061, 307, 'Bodiosa'),
(3062, 307, 'Calde'),
(3063, 307, 'Campo'),
(3064, 307, 'Cavernães'),
(3065, 307, 'Cota'),
(3066, 307, 'Couto de Baixo e Couto de Cima'),
(3067, 307, 'Faíl e Vila Chã de Sá'),
(3068, 307, 'Fragosela'),
(3069, 307, 'Lordosa'),
(3070, 307, 'Mundão'),
(3071, 307, 'Orgens'),
(3072, 307, 'Povolide'),
(3073, 307, 'Ranhados'),
(3074, 307, 'Repeses e São Salvador'),
(3075, 307, 'Ribafeita'),
(3076, 307, 'Rio de Loba'),
(3077, 307, 'Santos Evos'),
(3078, 307, 'São Cipriano e Vil de Souto'),
(3079, 307, 'São João de Lourosa'),
(3080, 307, 'São Pedro de France'),
(3081, 307, 'Silgueiros'),
(3082, 307, 'Viseu'),
(3083, 308, 'Alcofra'),
(3084, 308, 'Cambra e Carvalhal de vermilhas'),
(3085, 308, 'Campia'),
(3086, 308, 'Fataunços e Figueiredo das Donas'),
(3087, 308, 'Fornelo do Monte'),
(3088, 308, 'Queirã'),
(3089, 308, 'São Miguel do Mato'),
(3090, 308, 'Ventosa'),
(3091, 308, 'Vouzela e Paços de Vilharigues');

-- --------------------------------------------------------

--
-- Estrutura da tabela `login`
--

CREATE TABLE `login` (
  `log_id` int(11) NOT NULL,
  `log_email` varchar(100) NOT NULL,
  `log_pw` varchar(100) NOT NULL,
  `log_type` int(11) NOT NULL,
  `log_token` varchar(50) NOT NULL,
  `log_status` int(11) NOT NULL,
  `log_validar` int(11) NOT NULL
) ENGINE=InnoDB DEFAULT CHARSET=utf8mb4;

--
-- Extraindo dados da tabela `login`
--

INSERT INTO `login` (`log_id`, `log_email`, `log_pw`, `log_type`, `log_token`, `log_status`, `log_validar`) VALUES
(1, 'admin@mail.com', 'MTIz', 0, '', 1, 1),
(5, 'user1@mail.com', 'MTIz', 1, '17efbe169edbbf5de149377f60953d9f56a874dcc654b76e3f', 1, 1),
(6, 'user2@mail.com', 'MTIz', 2, 'd3d30632674ec160b5f30129356a2de68e78a3b22bffc866d1', 1, 1);

-- --------------------------------------------------------

--
-- Estrutura da tabela `messages`
--

CREATE TABLE `messages` (
  `msg_id` int(11) NOT NULL,
  `incoming_msg_id` int(255) NOT NULL,
  `outgoing_msg_id` int(255) NOT NULL,
  `msg` varchar(1000) NOT NULL
) ENGINE=InnoDB DEFAULT CHARSET=utf8mb4;

--
-- Extraindo dados da tabela `messages`
--

INSERT INTO `messages` (`msg_id`, `incoming_msg_id`, `outgoing_msg_id`, `msg`) VALUES
(8, 10, 4, 'olá'),
(14, 5, 3, 'olá\r\n'),
(17, 3, 5, 'teste'),
(19, 5, 3, 'teste'),
(22, 5, 3, 'primeiro teste'),
(23, 3, 5, 'recebi esta linda msg'),
(24, 5, 3, 'oioi'),
(25, 3, 5, 'teste de escrita'),
(26, 5, 3, 'confirmado'),
(27, 3, 5, 'como vais'),
(28, 5, 3, 'teste de chat'),
(29, 3, 5, 'recebi o teste de chat'),
(30, 5, 3, 'teste'),
(31, 3, 5, 'primeiro teste dentro do site'),
(32, 5, 3, 'recebi pela primeira vez'),
(33, 4, 3, 'Boa tarde'),
(35, 5, 6, 'Bom dia gostava de comprar o seu passaro'),
(36, 6, 5, 'o que deseja saber sobre ele'),
(37, 5, 6, 'quantas crias ele teve de momento'),
(38, 6, 5, 'de momento so teve 10'),
(39, 6, 5, 'estou interessado'),
(40, 6, 1, 'teste'),
(41, 5, 1, 'teste'),
(42, 1, 5, 'diga');

-- --------------------------------------------------------

--
-- Estrutura da tabela `mutacao`
--

CREATE TABLE `mutacao` (
  `mut_id` int(11) NOT NULL,
  `mut_var_id` int(11) NOT NULL,
  `mut_nome` varchar(100) NOT NULL
) ENGINE=InnoDB DEFAULT CHARSET=utf8mb4;

--
-- Extraindo dados da tabela `mutacao`
--

INSERT INTO `mutacao` (`mut_id`, `mut_var_id`, `mut_nome`) VALUES
(1, 4, 'Asa Canela'),
(2, 4, 'Opalino'),
(3, 4, 'Ino'),
(4, 4, 'Slate'),
(5, 4, 'Corpo Claro do Texas'),
(6, 4, 'Verde'),
(7, 4, 'Fator Escuro'),
(8, 4, 'Cinza'),
(9, 4, 'Violeta'),
(10, 4, 'Cintilante'),
(11, 4, 'Arlequim (Dominante)'),
(12, 4, 'Face Amarela'),
(13, 4, 'Poupa'),
(14, 4, 'AR (Arlequim recessivo)'),
(15, 4, 'Fulvo'),
(16, 4, 'Diluídos'),
(17, 4, 'Asas Claras'),
(18, 4, 'Asas Cinza'),
(19, 4, 'Face Negra'),
(20, 5, 'Ino'),
(21, 5, 'Canela'),
(22, 5, 'Pallid'),
(23, 5, 'Azul'),
(24, 5, 'Turqueza'),
(25, 5, 'Cinza'),
(26, 5, 'Fator de escurecimento'),
(27, 5, 'Violeta'),
(28, 5, 'Diluído dominante'),
(29, 5, 'Fallow'),
(30, 5, 'Cara Branca Cauda Branca'),
(31, 3, 'Amarelo'),
(32, 3, 'Arlequim'),
(33, 7, 'Branco e prateado'),
(34, 7, 'Amarelo'),
(35, 7, 'Vermelho'),
(36, 7, 'Opalino'),
(37, 7, 'Feo (Pheo)'),
(38, 7, 'Topázio'),
(39, 8, 'Arlequim'),
(40, 8, 'Lutino'),
(41, 8, 'Canela'),
(42, 8, 'Pérola'),
(43, 8, 'Face Branca'),
(44, 8, 'Prata'),
(45, 8, 'Bochecha Amarela'),
(46, 9, 'Arlequim'),
(47, 11, 'Pineapple'),
(48, 11, 'Pineapple Azul'),
(49, 11, 'Azul Canela'),
(50, 11, 'Canela Verde'),
(51, 11, 'Hypoxantha'),
(52, 11, 'Hypoxantha Azul'),
(53, 11, 'Azul'),
(54, 13, 'Diluído'),
(55, 13, 'Ino'),
(56, 13, 'Canela'),
(57, 13, 'Pálido'),
(58, 13, 'Fallow'),
(59, 13, 'Arlequim'),
(60, 13, 'Azul Marinho'),
(61, 13, 'Azul Marinho Face Branca'),
(62, 13, 'Face Laranja'),
(63, 13, 'Pale Headed'),
(64, 13, 'Opalino'),
(65, 13, 'Fator Violeta'),
(66, 13, 'Fator Escurecimento'),
(67, 14, 'Fator escuro'),
(68, 14, 'Azul'),
(69, 14, 'Pastel'),
(70, 14, 'violeta'),
(71, 14, 'Arlequim'),
(72, 14, 'Golden'),
(73, 14, 'Ino'),
(74, 14, 'Turquesa'),
(75, 14, 'Euwing'),
(76, 14, 'Diluído'),
(77, 15, 'Opalino'),
(78, 15, 'Pálido'),
(79, 15, 'DEC'),
(80, 15, 'Arlequim'),
(81, 15, 'Azul'),
(82, 15, 'Pastel'),
(83, 15, 'Ino'),
(84, 15, 'Pale Fallow'),
(85, 15, 'Turquesa'),
(86, 15, 'Edged'),
(87, 15, 'Euwing'),
(88, 15, 'Violeta'),
(89, 17, 'Albino'),
(90, 17, 'Azul'),
(91, 17, 'Lutino'),
(92, 17, 'Pied'),
(93, 17, 'Canela'),
(94, 17, 'Marble'),
(95, 17, 'Pastel'),
(96, 17, 'Fallow'),
(97, 17, 'Cinza'),
(98, 0, 'Ancestral');

-- --------------------------------------------------------

--
-- Estrutura da tabela `sociedade`
--

CREATE TABLE `sociedade` (
  `soc_id` int(11) NOT NULL,
  `soc_nome` varchar(100) NOT NULL,
  `soc_foto` varchar(100) NOT NULL,
  `soc_morada` varchar(100) NOT NULL DEFAULT 'Sem Dados',
  `soc_telefone` varchar(13) DEFAULT 'Sem Dados',
  `soc_fax` varchar(10) DEFAULT 'Sem Dados',
  `soc_site` varchar(100) DEFAULT 'Sem Dados',
  `soc_email` varchar(50) DEFAULT 'Sem Dados',
  `soc_facebook` varchar(50) DEFAULT 'Sem Dados',
  `soc_tipo` int(11) NOT NULL
) ENGINE=InnoDB DEFAULT CHARSET=utf8mb4;

--
-- Extraindo dados da tabela `sociedade`
--

INSERT INTO `sociedade` (`soc_id`, `soc_nome`, `soc_foto`, `soc_morada`, `soc_telefone`, `soc_fax`, `soc_site`, `soc_email`, `soc_facebook`, `soc_tipo`) VALUES
(1, 'A.C.D. Aveiro', 'Aveiro.gif', 'Rua da Gândara, nº 712 / Samil / 3720-701 São Roque', '256 871 595', '256 871 94', 'www.acdaveiro.columbofilia.net', 'direccao.acdaveiro@sapo.pt', '', 0),
(2, 'A.C.D. Beja', 'Beja.gif', 'Rua Doutor Afonso Costa, 39, 1º / 7800-496 Beja', '284 327 530', '284 711 12', 'www.acdbeja.columbofilia.net', 'acdbeja@gmail.com', '', 0),
(3, 'A.C.D. Braga', 'Braga.gif', 'Rua dos Sapatelos, 42 A / 4710-441 Brag', '253 614 487', '253 614 48', 'www.acdbraga.columbofilia.net', 'acdbraga@sapo.pt', '', 0),
(4, 'A.C.D. Coimbra', 'Coimbra.gif', 'Rua Padre Américo, 9 r/c / 3060-186 Cantanhede', '231 429 719', '231 429 71', 'acdcoimbra@sapo.pt', 'Sem Dados', '', 0),
(5, 'A.C.D. Évora', 'Evora.gif', 'Bairro Cruz da Picada, Lote 25 Cave / 7000-772 Évora', '266 734 006', '266 730 77', 'www.acdevora.columbofilia.net', 'acdevora@sapo.pt', '', 0),
(6, 'A.C.D. Faro', 'Faro.gif', 'Centro Empresarial e Industrial de Loulé (Junto ao lota 19) Campina de Baixo / 8100 - 285 LOULE', '289 802 050', '289 823 15', 'acdfarocolumbofilia.hol.es ', 'faro.asscolumbofila@sapo.pt', '', 0),
(7, 'A.C.D. Leiria', 'Leiria.gif', 'Quinta do Alçada / 2400 Leiria', '244 882 891', '244 882 89', 'www.acdleiria.columbofilia.net', 'acdleiria@iol.pt', '', 0),
(8, 'A.C.D. Lisboa', 'Lisboa.gif', 'Rua de Goa, Lote 54 - Armazém A / 2690-356 Santa Iria de Azóia', '219 593 312', '219 592 71', 'www.acdlisboa.columbofilia.net', 'acdl@sapo.pt', '', 0),
(9, 'A.C.D. Portalegre', 'Portalegre.gif', 'Apartado 75 / 7400-909 Ponte de Sôr', '242 204 198', '242 204 19', 'www.acdportalegre.columbofilia.net', 'associacao.c.d.portalegre@gmail.com', '', 0),
(10, 'A.C.D. Porto', 'Porto.gif', 'Rua do Lameiro, 515 r/c Esq / 4430 Oliveira do Douro VNG', '227 827 416', '227 845 32', 'www.colomboporto.com', 'geral@colomboporto.com', '', 0),
(11, 'A.C.D. Santarém', 'Santarem.gif', 'Apartado 91 / Zona Industrial / 2354-909 Torres Novas', '249 823 288', '249 823 20', 'www.acdsantarem.com', 'ascdsantarem@gmail.com', '', 0),
(12, 'A.C.D. Setúbal', 'Setubal.gif', 'Avenida dos Bombeiros Voluntários de Montijo (Aldeia Columbófila) / 2870-219 Montijo', '212311724', 'Sem Dados', 'www.acdsetubal.columbofilia.net', 'hgalveias@gmail.com', '', 0),
(13, 'A.C.D. Viana do Castelo', 'VianaCastelo.gif', 'Rua Cidade de Recife, Anexo Bloco 6 / Monserrate / 4900-379 Viana Castelo', '258 826 210', '258 826 21', 'www.acdvianadocastelo.columbofilia.net', 'acdvc@sapo.pt', '', 0),
(14, 'A.C.D. Viseu', 'Viseu.gif', 'Rua da Estação, 138 / 3460-555 Tondela', 'Sem Dados', 'Sem Dados', 'www.acdviseu.columbofilia.net', 'acdviseu@sapo.pt', '', 0),
(15, 'COT  -   Clube Ornitológico Da Trofa ', 'trofa.png', 'Edifício Nova Trofa, Loja 21 4785-000 Trofa ', '', '', 'www.cotrofa.com', 'cotrofa93@hotmail.com', 'www.facebook.com/clubeornitologicodatrofa', 1),
(16, 'APF  -   Associação Ornitológica De Paços De Ferreira ', 'pacos de ferreira.png', 'Rua Da Mata Real 4590-000 Paços De Ferreira ', '', '', '', 'associacaopf@sapo.pt', 'https://pt-pt.facebook.com/AO-Paços-de-Ferreira', 1),
(17, 'COF  -   Clube Ornitológico De Freamunde ', 'freamunde.jpg', 'Rua Das Sebastianas, 42 4590- Freamunde ', '', '', ' www.cofreamunde.com', 'cofreamunde@gmail.com', 'https://www.facebook.com/cof.freamunde', 1),
(18, 'AOC  -   Associação Ornitológica De Coimbra ', 'coimbra.jpg', 'Apartado 7037 - S. Martinho Do Bispo  3046-901 Coimbra ', '', '', ' www.aocoimbra.com', 'aocoimbra@gmail.com', 'https://www.facebook.com/associacao.ornitologica.d', 1),
(19, ' CFF  -   Clube Ornitológico Da Figueira Da Foz ', 'figueira da foz.jpg', 'Apartado 116 3081-000 Figueira Da Foz ', '', '', 'http://coff.avespt.com/', 'coff@sapo.pt', '', 1),
(20, 'COB  -   Clube Ornitológico De Braga ', 'braga.jpg', 'Rua Professor Machado Vilela 4710-423 Braga ', '', '', 'http://www.avespt.com/cob/', 'cobraga@aeiou.pt', '', 1),
(21, 'COE  -   Clube Ornitológico De Esmoriz ', 'esmoriz.jpg', 'Rua Padre Manuel Dias Costa, 150 3885-603 Esmoriz ', '', '', 'http://www.coesmoriz.com', 'geral@coesmoriz.com', 'https://www.facebook.com/COEsmoriz/', 1),
(22, 'COM  -   Clube Independente Ornitológico De Matosinhos ', 'matosinhos.jpg', 'Av. Vila Garcia De Arosa, Bloco A7 4450-000 Matosinhos ', '', '', 'http://ciommatosinhos.no.sapo.pt', 'ciom@sapo.pt', 'https://www.facebook.com/Clube-Independente-Ornito', 1),
(23, 'CVL  -   Clube Ornitológico Vila De Lordelo ', 'lordelo.jpg', 'Av Professor Luis Machado, 482 4815-1131 Lordelo ', '', '', '', 'cvlordelo2001@gmail.com', 'https://www.facebook.com/Clube-Ornitológico-da-Vil', 1),
(24, 'SOG  -   Sociedade Ornitológica De Guimarães ', 'guimaraes.png', 'Urbanização Da Conceição N56 Loja 28A 4810-031 Guimarães ', '', '', 'http://sogsite.byethost12.com/?i=2', 'sog.geral@gmail.com', '', 1),
(25, 'COP  -   Centro Ornitológico do Porto ', 'porto.jpg', 'Rua Das Fontainhas, Nº 23  4000-239 Porto ', '', '', 'http://www.coporto.pt/', 'geral@coporto.pt', '', 1),
(26, 'OP  -   Clube Ornitológico Português ', 'clube ornitologico portugues.png', 'Rua Das Associações, 28 - J. Freg. de Gulpilhares  4405 Gulpilhares - Vila Nova de Gaia ', '', '', '', 'ornitologicoportugues@gmail.com', '', 1),
(27, 'CPV  -   Centro de C. Ornitologia da Póvoa de Varzim ', 'povoa de varzim.jpg', 'Rua Manuel da Silva Ferreira E Sá, Nº 154  4570-012 Balasar - Póvoa de Varzim ', '', '', 'ccopv.fonp.pt', 'vilardemouros@hotmail.com', '', 1),
(28, 'ADL  -   Associação Ornitológica Douro Litoral ', 'douro litoral.jpg', 'Rua 1º de Maio,470  4445-245 Alfena ', '', '', 'http://aodourolitoral.wix. com/aodourolitoral', 'a.o.dourolitoral@gmail.com', '', 1),
(29, ' CST  -   Clube Ornitológico de Santo Tirso ', 'santo tirso.png', 'Rua  Dr. Carneiro Pacheco, 33 -  Loja 4  4780 Santo Tirso ', '', '', '', 'carlosmatos-st@sapo.pt', '', 1),
(30, 'AOV  -   Associação Ornitológica Vianense ', 'vianense.png', 'Ao Cuidado Restaurante \"Cambão\"  Rua Nova de Santana  4900 Viana do Castelo ', '', '', '', 'a-o-vianense@hotmail.com', 'https://www.facebook.com/associacaoornitologica.vi', 1),
(31, 'COL  -   Clube Ornitológico da Lixa ', 'lixa.jpg', 'Av. da República - Apartado 108  4615-909 Lixa ', '', '', '', 'colixa@sapo.pt', 'https://www.facebook.com/clube.dalixa', 1),
(32, 'COA  -   Clube Ornitológico do Antuã ', 'antuã.jpg', 'Apartado 120  3864-909 Estarreja ', '', '', 'http://www.coantua.com/', 'coantua@coantua.com', '', 1),
(33, 'CBL  -   Clube Ornitológico da Beira Litoral ', 'beira litoral.jpg', 'Apartado 198  3770-909 Oliveira do Bairro ', '', '', 'http://www.cobl.pt', 'coblitoral@sapo.pt', '@COBLITORAL', 1),
(34, 'COG  -   Clube Ornitológico de Gondomar ', 'gondomar.jpg', 'Rua Ala Nuno Alvares, Loja,  20,21  4420-014 São Cosme - Gondomar ', '', '', 'http://www.ornigondomar.pt', 'geral@ornigondomar.pt', '', 1),
(35, ' COR  -   Clube Ornitológico de  Rio Meão ', 'rio meão.png', 'Rua Da Sabreina, 142  4520-576 Rio Meão - Santa Maria da Feira ', '', '', 'www.coriomeao.webs.com', 'c.t.riomeao@gmail.com', 'www.facebook.com/clubeornitologico.riomeao', 1),
(36, 'AOA  -   Associação Ornitófila Cidade de Aveiro ', 'aveiro.png', 'Rua Das Pombas  3810-150 Aveiro ', '', '', 'www.aoca.avespt.com', 'aocaveiro@gmail.com', '', 1),
(37, 'AVC  -   Associação Canaricultores de Vila do Conde ', 'vila do conde.jpg', 'Rua 5 de Outubro, 422 - 1º Esquerdo  4480 - 739 Vila do Conde ', '', '', '', 'canaricultoresacvc@hotmail.com', 'https://pt-pt.facebook.com/acvc.viladoconde', 1),
(38, 'SPO  -   Sociedade Portuguesa do Ondulado ', 'sociedade portuguesa do ondulado .png', 'Rua Manuel da Silva Ferreira E Sá, Nº 154  4570-012 Balasar - Póvoa de Varzim ', '', '', 'http://spondulado.fonp.pt', 'vilardemouros@hotmail.com', '', 1),
(39, 'ALM  -   Clube de Ornitologia Almadense ', 'almadense.gif', 'Rua Ferreira Soares, Nº 58 - Lote 130 - Feijó  2810-296 Almada ', '', '', 'http://coalmadense.pt', 'clube.o.almadense@gmail.com', 'https://www.facebook.com/clube.almadense', 1),
(40, 'ON  -   Ornitofilia Nacional ', 'ornitofilia nacional.jpg', 'Largo da Casa do Povo  7300-405 Reguengo ', '', '', ' www.ornitofilia.pt', 'geral@ornitofilia.pt', 'https://www.facebook.com/Ornitofilia-Nacional', 1),
(41, 'VNF  -   Clube Ornitológico de Famalicão ', 'famalicao.png', 'Rua Dos Enchidos  4760-000 Vila Nova de Famalicão ', '', '', 'http://vnf.avespt.com/', 'cofamalicao@gmail.com', 'https://pt-pt.facebook.com/clubeornitologicofamali', 1),
(42, 'GCP  -   Gloster Clube de Portugal ', 'gloster clube portugal.jpg', 'Rua da Junqueira Nº. 390 1º Dto  1300-340 Lisboa ', '', '', 'http://glosterclubeportugal.com', 'glosterclubeportugal@gmail.com', 'https://www.facebook.com/GCP-Gloster-Clube-de-Port', 1),
(43, 'VCP  -   Clube de Canários de Postura de Valongo ', 'canarios valongo.jpg', 'Rua Bairro Das Pereiras, 55  4440-686 Valongo ', '', '', 'http://www.valongocanariospostura.com/', '', 'https://www.facebook.com/clubecanarios.posturavalo', 1),
(44, 'AOB  -   Associação Ornitológica de Barcelos ', 'barcelos.png', 'Praceta Correio Mor, Nº 5  4750-134 Arcozelo - Barcelos ', '', '', 'http://www.aobarcelos.pt/', 'aobarcelos@gmail.com', 'https://www.facebook.com/aobarcelos', 1),
(45, 'ALJ  -   Associação Ornitológica de Aljustrel ', 'aljustrel.png', 'Rua Catarina Eufémia, 5  7600-064 Aljustrel ', '', '', '', '', '', 1),
(46, 'CAP  -   Clube Canário Arlequim Português ', 'canario arlequim portugues.jpg', 'Rua Manuel da Silva Ferreira E Sá, Nº 154  4570-012 Balasar - Póvoa de Varzim ', '', '', 'http://ccap.avespt.com/', 'clubecanarioarlequimportugues@sapo.pt', 'https://pt-pt.facebook.com/Canários-Arlequim-Portu', 1),
(47, 'TON  -   Clube Ornitológico de Tondela ', 'tondela.jpg', 'Rua Padre Aníbal de Matos Vieira, Nº 298 Molelinhos  3460 - 210 Tondela ', '', '', 'http://cot-tondela.blogspot.com/', 'cotondela@gmail.com', 'https://www.facebook.com/clube.detondela', 1),
(48, 'CPB  -   Clube Português Bengalim do Japão ', 'bengalim do japão.png', 'Av. Prof. Luis Machado, 482  4815-131 Lordelo Gmr ', '', '', 'http://www.cpbj.avespt.com', 'cpbengalimjapao@gmail.com', '', 1),
(49, 'Casa das Coletividades', 'vizela.png', 'Avenida dos Bombeiros Voluntários de Vizela, Nº 4  UNIÃO DE FREGUESIAS DE CA', '', '', 'http://coviz.blogspot.pt/', 'covizela@gmail.com', '', 1),
(50, 'DGP  -   Diamante de Gould de Portugal ', 'diamante gould portugal.png', ' ', '', '', 'http://diamantegouldcp.wixsite.com/meusite', 'diamantegouldcp@hotmail.com', 'https://www.facebook.com/Diamante-de-Gould-Clube-d', 1),
(51, 'ATM  -   Associação Ornit. Trás Montes E Alto Douro ', 'tras os montes e alto douro.jpg', 'Rua 20 de Julho, Lt5 7º Esq. Porta 9  5000-000 Vila Real ', '', '', 'https://www.associacaoornitologicaatm.com', 'aotomad@hotmail.com', 'https://www.facebook.com/associacao.ornitologica.1', 1),
(52, 'AAP  -   Associação de Avicultores de Portugal ', 'avicultores portugal.png', 'Rua Domingos Jardo, 8A  2605-207 Belas ', '', '', 'http://avicultoresportugal.net', 'info@avicultoresportugal.net', '', 1),
(53, 'CPL  -   Clube Português do Canário Llarguet ', 'canario llarget.jpg', 'Rua Saudade, 59 - 5º  4000-000 Porto ', '', '', '', 'llarguetportugal@gmail.com', '', 1),
(54, 'PEN  -   Clube Ornitológico de Peniche ', 'peniche.png', 'Apartado, 99  2524-909 Peniche ', '', '', 'http://cop.avespt.com/', 'cop@avespt.com', 'https://www.facebook.com/clubeornitologico.depenic', 1),
(55, 'LIZ  -   Lizard Canário Clube de Portugal ', 'lizard canario club portugal.jpg', ' ', '', '', 'https://clubelizardpt.wixsite.com/lccp', 'clubedolizard@gmail.com', ' https://www.facebook.com/lccp.lizardcanary', 1),
(56, 'RIB  -   Clube Ornitológico Ribatejano ', 'clube ribatejano.jpg', 'Estrada da Meia Via  2330-069 - Entroncamento ', '', '', 'http://coribatejano.pt', 'clubeornitofiloribatejano@gmail.com', '', 1);

-- --------------------------------------------------------

--
-- Estrutura da tabela `utilizador`
--

CREATE TABLE `utilizador` (
  `uti_id` int(11) NOT NULL,
  `uti_log_id` int(11) NOT NULL,
  `uti_nome` varchar(100) NOT NULL,
  `uti_apelido` varchar(100) NOT NULL,
  `uti_tel` int(13) DEFAULT 0,
  `uti_morada` varchar(200) DEFAULT 'Sem dados',
  `uti_cp` varchar(10) DEFAULT 'xxxx-xxx',
  `uti_distrito` int(11) DEFAULT 0,
  `uti_concelho` int(11) DEFAULT 0,
  `uti_freguesia` int(11) DEFAULT 0,
  `uti_localizacao` text DEFAULT 'Sem dados',
  `uti_datan` date DEFAULT NULL,
  `uti_nif` int(9) DEFAULT 0,
  `uti_foto` varchar(100) DEFAULT 'Sem Dados'
) ENGINE=InnoDB DEFAULT CHARSET=utf8mb4;

--
-- Extraindo dados da tabela `utilizador`
--

INSERT INTO `utilizador` (`uti_id`, `uti_log_id`, `uti_nome`, `uti_apelido`, `uti_tel`, `uti_morada`, `uti_cp`, `uti_distrito`, `uti_concelho`, `uti_freguesia`, `uti_localizacao`, `uti_datan`, `uti_nif`, `uti_foto`) VALUES
(4, 5, 'Joana', 'Mestre', 123456789, 'Rua Jardim Municipal', '2700-000', 22, 189, 1867, '<iframe src=\"https://www.google.com/maps/embed?pb=!1m18!1m12!1m3!1d24912.301212515882!2d-9.346511334673394!3d38.693979388142495!2m3!1f0!2f0!3f0!3m2!1i1024!2i768!4f13.1!3m3!1m2!1s0xd1ec92e663cba75%3A0xdf62244901c74457!2sJardim%20Municipal%20de%20Oeiras!5e0!3m2!1spt-PT!2spt!4v1634136564351!5m2!1spt-PT!2spt\" width=\"600\" height=\"450\" style=\"border:0;\" allowfullscreen=\"\" loading=\"lazy\"></iframe>', '2021-09-28', 123456789, 'Sem Dados'),
(5, 6, 'Debora', 'Sousa', 0, 'Sem dados', 'xxxx-xxx', 0, 0, 0, 'Sem dados', '2021-10-07', 0, 'Sem Dados'),
(6, 1, 'admin', '', 0, 'Sem dados', 'xxxx-xxx', 0, 0, 0, 'Sem dados', NULL, 0, 'Sem Dados');

-- --------------------------------------------------------

--
-- Estrutura da tabela `variedade`
--

CREATE TABLE `variedade` (
  `var_id` int(11) NOT NULL,
  `var_nome` varchar(100) NOT NULL,
  `var_cientifico` varchar(100) NOT NULL,
  `var_esp_id` int(11) NOT NULL
) ENGINE=InnoDB DEFAULT CHARSET=utf8mb4;

--
-- Extraindo dados da tabela `variedade`
--

INSERT INTO `variedade` (`var_id`, `var_nome`, `var_cientifico`, `var_esp_id`) VALUES
(1, 'Verdadeiro', 'Amazona aestiva', 1),
(2, 'Ecletus', 'Eclectus roratus', 1),
(3, 'Do Senegal', 'Poicephalus senegalus', 1),
(4, 'Australiano', 'Melopsittacus undulatus', 2),
(5, 'De-colar / Ringneck', 'Psittacula krameri', 2),
(6, 'Grande-alexandre', 'Psittacula eupatria', 2),
(7, 'Doméstico', 'Serinus canaria domestica', 3),
(8, 'Calopsita', 'Nymphicus hollandicus', 4),
(9, 'Galah', 'Eolophus roseicapilla', 5),
(10, 'Nana', 'Aratinga nana', 6),
(11, 'De-cara-suja', 'Pyrrhura molinae', 7),
(12, 'Arco-íris', 'Trichoglossus haematodus', 8),
(13, 'Roseicollis', 'Agapornis roseicollis', 9),
(14, 'Personatus', 'Agapornis personatus', 9),
(15, 'Inseparável-de-Fischer', 'Agapornis fischeri', 9),
(16, 'Azul-grande', 'Anodorhynchus hyacinthinus', 10),
(17, 'Do-pacífico', 'Forpus coelestis', 11),
(18, 'De-bico-escuro-do-norte', 'Forpus modestus', 11),
(19, 'Tuim', 'Forpus xanthops', 11),
(20, 'De-asa-azul', 'Forpus xanthopterygius', 11),
(21, 'Verde', 'Pionus maximiliani', 12),
(22, 'De-cabeça-azul', 'Pionus menstruus', 12),
(23, 'De-peito-vermelho', 'Pionus sordidus', 12),
(24, 'De-testa-branca', 'Pionus senilis', 12);

-- --------------------------------------------------------

--
-- Estrutura da tabela `webdados`
--

CREATE TABLE `webdados` (
  `wb_id` int(11) NOT NULL,
  `wb_nome` varchar(50) NOT NULL,
  `wb_face` varchar(200) NOT NULL,
  `wb_insta` varchar(200) NOT NULL,
  `wb_termos` text NOT NULL,
  `wb_mapa` varchar(5000) NOT NULL,
  `wb_distrito` int(11) NOT NULL,
  `wb_concelho` int(11) NOT NULL,
  `wb_freguesia` int(11) NOT NULL,
  `wb_morada` varchar(100) NOT NULL,
  `wb_contacto` varchar(9) NOT NULL
) ENGINE=InnoDB DEFAULT CHARSET=utf8mb4;

--
-- Extraindo dados da tabela `webdados`
--

INSERT INTO `webdados` (`wb_id`, `wb_nome`, `wb_face`, `wb_insta`, `wb_termos`, `wb_mapa`, `wb_distrito`, `wb_concelho`, `wb_freguesia`, `wb_morada`, `wb_contacto`) VALUES
(1, 'BlueBird', 'facebook', 'instagram', '<p><strong>&Acirc;mbito e Objeto das Condi&ccedil;&otilde;es Gerais da Site</strong></p>\r\n<p style=\"padding-left: 40px;\">As presentes Condi&ccedil;&otilde;es Gerais destinam-se, com o formul&aacute;rio de encomenda, e os demais elementos referidos nas mesmas, a regular os termos e as condi&ccedil;&otilde;es por que se reger&aacute; a presta&ccedil;&atilde;o do Servi&ccedil;o Site Online BlueBird pela BlueBird, com sede na Rua do Cas, sob o n&uacute;mero &uacute;nico de matr&iacute;cula e de identifica&ccedil;&atilde;o de pessoa coletiva n&ordm; 123456789, com o capital social de &euro; 123456789, doravante designadas \"BlueBird\".</p>\r\n<p style=\"padding-left: 40px;\">O Servi&ccedil;o consiste na disponibiliza&ccedil;&atilde;o, atrav&eacute;s do endere&ccedil;o INDICAR de acesso &agrave; Site Online que, al&eacute;m de fornecer informa&ccedil;&atilde;o relativa a um conjunto de produtos e/ou servi&ccedil;os, permite ao Utilizador, por via eletr&oacute;nica, encomendar os produtos nela divulgados, nos termos e condi&ccedil;&otilde;es aqui descritos.</p>\r\n<p style=\"padding-left: 40px;\">A encomenda de produtos deve ser feita por Utilizadores com idade igual ou superior a 18 (dezoito) anos (indiv&iacute;duos com idade inferior ter&atilde;o de ter autoriza&ccedil;&atilde;o dos seus representantes). Os elementos e informa&ccedil;&otilde;es transmitidos pelo Utilizador gozar&atilde;o de plenos efeitos jur&iacute;dicos, reconhecendo o Utilizador as aquisi&ccedil;&otilde;es eletr&oacute;nicas, n&atilde;o podendo este alegar a falta de assinatura para incumprimento das obriga&ccedil;&otilde;es assumidas.</p>\r\n<p><strong>Informa&ccedil;&atilde;o de Produto e Conte&uacute;dos</strong></p>\r\n<p style=\"padding-left: 40px;\">A BlueBird far&aacute; todos os poss&iacute;veis para que a informa&ccedil;&atilde;o apresentada n&atilde;o contenha erros tipogr&aacute;ficos, sendo que ser&atilde;o rapidamente corrigidos sempre que estes ocorram. Caso adquira um produto que tenha caracter&iacute;sticas diferentes &agrave;s apresentadas online, tem o direito de proceder &agrave; resolu&ccedil;&atilde;o do contrato de compra nos termos legais aplic&aacute;veis (direito de livre resolu&ccedil;&atilde;o - ver ponto 9).</p>\r\n<p style=\"padding-left: 40px;\">A BlueBird far&aacute; todos os poss&iacute;veis para enviar a totalidade dos produtos encomendados, mas &eacute; poss&iacute;vel que, em determinados casos e devido a causas dificilmente control&aacute;veis pela BlueBird, como erros humanos ou incid&ecirc;ncias nos sistemas inform&aacute;ticos, n&atilde;o seja poss&iacute;vel disponibilizar algum dos produtos pedidos pelo Utilizador. Caso algum produto n&atilde;o esteja dispon&iacute;vel depois de ter realizado a encomenda, ser&aacute; avisado, por correio eletr&oacute;nico ou atrav&eacute;s de telefone. Nesse momento ser-lhe-&aacute; apresentada a possibilidade de anular a encomenda com o respetivo reembolso, caso j&aacute; tenha efetuado o respetivo pagamento.</p>\r\n<p style=\"padding-left: 40px;\">Todas as informa&ccedil;&otilde;es sobre pre&ccedil;o, produtos, especifica&ccedil;&otilde;es, a&ccedil;&otilde;es promocionais e servi&ccedil;os poder&atilde;o ser alterados a qualquer momento pela BlueBird.</p>\r\n<p><strong>Responsabilidades</strong></p>\r\n<p style=\"padding-left: 40px;\">3.1 Todos os produtos e servi&ccedil;os comercializados na Site Online BlueBird est&atilde;o de acordo com a Lei Portuguesa.</p>\r\n<p style=\"padding-left: 40px;\">3.2 A Site possui os adequados n&iacute;veis de seguran&ccedil;a, contudo a BlueBird n&atilde;o ser&aacute; respons&aacute;vel por quaisquer preju&iacute;zos sofridos pelo Utilizador e/ou por terceiros, em virtude de atrasos, interrup&ccedil;&otilde;es, erros e suspens&otilde;es de comunica&ccedil;&otilde;es que tenham origem em fatores fora do seu controlo, nomeadamente, quaisquer defici&ecirc;ncias ou falhas provocadas pela rede de comunica&ccedil;&otilde;es ou servi&ccedil;os de comunica&ccedil;&otilde;es prestados por terceiros, pelo sistema inform&aacute;tico, pelos modems, pelo software de liga&ccedil;&atilde;o ou eventuais v&iacute;rus inform&aacute;ticos ou decorrentes do descarregamento (&ldquo;download&rdquo;) atrav&eacute;s do servi&ccedil;o de ficheiros infetados ou contendo v&iacute;rus ou outras propriedades que possam afetar o equipamento do Utilizador. Se por algum motivo de erro de acesso ao s&iacute;tio eletr&oacute;nico da Site Online BlueBird houver impossibilidade de presta&ccedil;&atilde;o de servi&ccedil;o, a BlueBird n&atilde;o ser&aacute; respons&aacute;vel por eventuais preju&iacute;zos.</p>\r\n<p style=\"padding-left: 40px;\">3.3 As consultas de dados e informa&ccedil;&atilde;o efetuadas no &acirc;mbito deste Servi&ccedil;o, presumem-se efetuadas pelo Utilizador, declinando a BlueBird qualquer responsabilidade decorrente a utiliza&ccedil;&atilde;o abusiva ou fraudulenta das informa&ccedil;&otilde;es obtidas.</p>\r\n<p style=\"padding-left: 40px;\">3.4 A BlueBird n&atilde;o ser&aacute; respons&aacute;vel por quaisquer perdas ou danos causados por utiliza&ccedil;&otilde;es abusivas do Servi&ccedil;o que lhe n&atilde;o sejam diretamente imput&aacute;veis a t&iacute;tulo de dolo ou culpa grave.</p>\r\n<p style=\"padding-left: 40px;\">3.5 A BlueBird n&atilde;o &eacute; respons&aacute;vel pelos preju&iacute;zos ou danos decorrentes do incumprimento ou cumprimento defeituoso do Servi&ccedil;o quando tal n&atilde;o lhe seja direta ou indiretamente imput&aacute;vel a t&iacute;tulo de dolo ou culpa grave, n&atilde;o se responsabilizando designadamente por (i) erros, omiss&otilde;es ou outras imprecis&otilde;es relativos &agrave;s informa&ccedil;&otilde;es disponibilizadas atrav&eacute;s do Servi&ccedil;o; (ii) danos causados por culpa do Utilizador ou de terceiros, incluindo as viola&ccedil;&otilde;es da propriedade intelectual, (iii) pelo incumprimento ou cumprimento defeituoso que resulte do cumprimento de decis&otilde;es judiciais ou de autoridades administrativas ou (iv) pelo incumprimento ou cumprimento defeituoso que resulte da ocorr&ecirc;ncia de situa&ccedil;&otilde;es de for&ccedil;a maior, ou seja, situa&ccedil;&otilde;es de natureza extraordin&aacute;ria ou imprevis&iacute;vel, exteriores &agrave; BlueBird e que pela mesma n&atilde;o possam ser controladas, tais como inc&ecirc;ndios, cortes de energia, explos&otilde;es, guerras, tumultos, insurrei&ccedil;&otilde;es civis, decis&otilde;es governamentais, greves, terramotos, inunda&ccedil;&otilde;es ou outros cataclismos naturais ou outras situa&ccedil;&otilde;es n&atilde;o control&aacute;veis pela BlueBird que impe&ccedil;am ou prejudiquem o cumprimento das obriga&ccedil;&otilde;es assumidas.</p>\r\n<p style=\"padding-left: 40px;\">3.6. A BlueBird n&atilde;o garante que:</p>\r\n<p style=\"padding-left: 80px;\">i) o Servi&ccedil;o seja fornecido de forma ininterrupta, seja seguro, sem erros ou funcione de forma infinita;</p>\r\n<p style=\"padding-left: 80px;\">ii) a qualidade de qualquer produto, servi&ccedil;o, informa&ccedil;&atilde;o ou qualquer outro material comprado ou obtido atrav&eacute;s do Servi&ccedil;o preencha quaisquer expectativa do Utilizador em rela&ccedil;&atilde;o ao mesmo;</p>\r\n<p style=\"padding-left: 80px;\">iii) qualquer material obtido de qualquer forma atrav&eacute;s da utiliza&ccedil;&atilde;o do Servi&ccedil;o &eacute; utilizado por conta e risco do Utilizador, sendo este o &uacute;nico respons&aacute;vel por qualquer dano causado ao seu sistema e equipamento inform&aacute;tico ou por qualquer perda de dados que resultem dessa opera&ccedil;&atilde;o.</p>\r\n<p style=\"padding-left: 40px;\">iv) nenhum conselho ou informa&ccedil;&atilde;o, quer oral quer escrita, obtida pelo Utilizador de ou atrav&eacute;s do Servi&ccedil;o criar&aacute; qualquer garantia que n&atilde;o esteja expressa nestas Condi&ccedil;&otilde;es Gerais.</p>\r\n<p style=\"padding-left: 40px;\">3.7. O Utilizador aceita que a BlueBird n&atilde;o pode de forma nenhuma ser responsabilizada por qualquer dano, incluindo, mas n&atilde;o limitado a, danos por perdas de lucros, dados, conte&uacute;dos, ou quaisquer outras perdas (mesmo que tenha sido previamente avisado pelo Utilizador sobre a possibilidade da ocorr&ecirc;ncia desses danos), resultantes:</p>\r\n<p style=\"padding-left: 40px;\">i) do uso ou impossibilidade de uso do Servi&ccedil;o;</p>\r\n<p style=\"padding-left: 40px;\">ii) da dificuldade de obten&ccedil;&atilde;o de qualquer substituto de bens/servi&ccedil;os;</p>\r\n<p style=\"padding-left: 40px;\">iii) do acesso ou modifica&ccedil;&atilde;o n&atilde;o autorizado a bases de dados pessoais.</p>\r\n<p><strong>Obriga&ccedil;&otilde;es do Consumidor</strong></p>\r\n<p style=\"padding-left: 40px;\">4.1. O utilizador compromete-se a:</p>\r\n<p style=\"padding-left: 80px;\">i) Facultar dados pessoais e moradas corretas;</p>\r\n<p style=\"padding-left: 80px;\">ii) N&atilde;o utilizar identidades falsas;</p>\r\n<p style=\"padding-left: 80px;\">iii) Respeitar os limites de encomendas impostos.</p>\r\n<p style=\"padding-left: 40px;\">4.2. Caso algum dos dados esteja incorreto ou seja insuficiente, e por esse motivo haja um atraso ou impossibilidade no processamento da encomenda, ou eventual n&atilde;o entrega, a responsabilidade &eacute; do Utilizador, sendo que a BlueBird declina qualquer responsabilidade. No caso de o consumidor violar alguma destas obriga&ccedil;&otilde;es, a BlueBird reserva-se no direto de eliminar futuras compras, bloquear o acesso &agrave; Site, cancelar o fornecimento de quaisquer outros servi&ccedil;os disponibilizados em simult&acirc;neo pela BlueBird ao mesmo Utilizador; e, ainda, n&atilde;o permitir o acesso futuro do Utilizador a algum ou quaisquer servi&ccedil;os disponibilizados pela BlueBird.</p>\r\n<p style=\"padding-left: 40px;\">4.3. &Eacute; expressamente vedada a utiliza&ccedil;&atilde;o dos produtos e servi&ccedil;os adquiridos para fins comerciais, designadamente para efeitos de revenda de bens.</p>\r\n<p><strong>Privacidade e Prote&ccedil;&atilde;o de Dados Pessoais</strong></p>\r\n<p style=\"padding-left: 40px;\">5.1. A BlueBird garante a confidencialidade de todos os dados fornecidos pelos Utilizadores.</p>\r\n<p style=\"padding-left: 40px;\">5.2. Os dados pessoais identificados no formul&aacute;rio de encomenda como sendo de fornecimento obrigat&oacute;rio s&atilde;o indispens&aacute;veis &agrave; presta&ccedil;&atilde;o do Servi&ccedil;o pela BlueBird. A omiss&atilde;o ou inexatid&atilde;o dos dados fornecidos pelo Utilizador s&atilde;o da sua &uacute;nica e inteira responsabilidade e podem dar lugar &agrave; recusa de presta&ccedil;&atilde;o do Servi&ccedil;o pela BlueBird.</p>\r\n<p style=\"padding-left: 40px;\">5.3. Os dados pessoais do Utilizador ser&atilde;o processados e armazenados informaticamente e destinam-se a ser utilizados pela BlueBird no &acirc;mbito da rela&ccedil;&atilde;o contratual e/ou comercial com o Utilizador e, em caso de autoriza&ccedil;&atilde;o pelo Utilizador, para a comercializa&ccedil;&atilde;o de INDICAR CASO A CASO E DE ACORDO COM O OBJETIVO DA EMPRESA EM CONCRETO</p>\r\n<p style=\"padding-left: 40px;\">5.4. Nos termos da legisla&ccedil;&atilde;o aplic&aacute;vel, &eacute; garantido ao Utilizador, sem encargos adicionais, o direito de acesso, retifica&ccedil;&atilde;o e atualiza&ccedil;&atilde;o dos seus dados pessoais, diretamente ou mediante pedido por escrito, bem como o direito de oposi&ccedil;&atilde;o &agrave; utiliza&ccedil;&atilde;o dos mesmos para as finalidades previstas no n&uacute;mero anterior, devendo para o efeito contactar a entidade respons&aacute;vel pelo tratamento dos dados pessoais: [NOME DA EMPRESA].</p>\r\n<p style=\"padding-left: 40px;\">5.5. A Internet &eacute; uma rede aberta, pelo que os&nbsp; dados pessoais do Utilizador, demais informa&ccedil;&otilde;es pessoais e todo o conte&uacute;do aSitedo no Servi&ccedil;o poder&atilde;o circular na rede sem condi&ccedil;&otilde;es de seguran&ccedil;a, correndo, inclusive, o risco de serem acess&iacute;veis e utilizados por terceiros n&atilde;o autorizados para o efeito, n&atilde;o podendo a BlueBird ser responsabilizada por esse acesso e/ou utiliza&ccedil;&atilde;o.</p>\r\n<p><strong>Cancelamento de encomendas</strong></p>\r\n<p style=\"padding-left: 40px;\">6.1 A pedido do Utilizador</p>\r\n<p style=\"padding-left: 40px;\">O Utilizador poder&aacute; efetuar o cancelamento da sua encomenda solicitando-o &agrave; BlueBird atrav&eacute;s do n&uacute;mero de telefone ou e-mail referindo o n&uacute;mero da encomenda, o qual ser&aacute; aceite desde que a mesma ainda n&atilde;o tenha sido processada. Ap&oacute;s o seu processamento, a BlueBird tentar&aacute; efetuar a entrega da mesma, mas o Utilizador tem a op&ccedil;&atilde;o de n&atilde;o a aceitar.</p>\r\n<p style=\"padding-left: 40px;\">Para o efeito de cancelamento o Utilizador dever&aacute; indicar os seguintes dados &agrave; BlueBird:</p>\r\n<p style=\"padding-left: 80px;\">a) N&uacute;mero da encomenda</p>\r\n<p style=\"padding-left: 80px;\">b) NIF com que efetuou a encomenda e morada de entrega</p>\r\n<p style=\"padding-left: 40px;\">6.2 Por decis&atilde;o da BlueBird</p>\r\n<p style=\"padding-left: 40px;\">A BlueBird reserva-se no direito de n&atilde;o processar encomendas, quando verificar alguma inconsist&ecirc;ncia nos dados pessoais apresentados ou observar m&aacute; conduta por parte do comprador. A BlueBird reserva-se no direito de n&atilde;o efetuar o processamento de qualquer encomenda ou reembolso, no caso de se verificarem erros nos valores e/ou caracter&iacute;sticas dos produtos, quando estes decorrerem de problemas t&eacute;cnicos ou erros alheios &agrave; BlueBird.</p>\r\n<p><strong>Devolu&ccedil;&atilde;o (Direito de Resolu&ccedil;&atilde;o)</strong></p>\r\n<p style=\"padding-left: 40px;\">7.1. O Utilizador, no caso de ser consumidor, pode exercer o direito de resolu&ccedil;&atilde;o sem que lhe seja exigida qualquer indemniza&ccedil;&atilde;o, no prazo de 14 (catorze) dias a contar do dia em que o consumidor adquira a posse f&iacute;sica do bem.</p>\r\n<p style=\"padding-left: 40px;\">Para exercer este direito, o Utilizador poder&aacute; usar a minuta indicada abaixo, devendo indicar todos os seus dados de identifica&ccedil;&atilde;o, o servi&ccedil;o subscrito que pretende resolver e a data de subscri&ccedil;&atilde;o. A comunica&ccedil;&atilde;o dever&aacute; ser feita, por carta, atrav&eacute;s da devolu&ccedil;&atilde;o do bem adquirido, ou por outro meio adequado e suscet&iacute;vel de prova dentro do prazo acima definido.</p>\r\n<p style=\"padding-left: 40px;\">O consumidor deve no prazo de 14 (catorze) dias a contar da data da comunica&ccedil;&atilde;o da resolu&ccedil;&atilde;o devolver os bens &agrave; BlueBird nas devidas condi&ccedil;&otilde;es de utiliza&ccedil;&atilde;o.</p>\r\n<p style=\"padding-left: 40px;\">Minuta para formul&aacute;rio de livre resolu&ccedil;&atilde;o (s&oacute; deve preencher e devolver o presente formul&aacute;rio se quiser resolver o contrato)</p>\r\n<p style=\"padding-left: 80px;\">- Para [inserir aqui o nome, o endere&ccedil;o geogr&aacute;fico e, eventualmente, o n&uacute;mero de fax e o endere&ccedil;o de correio eletr&oacute;nico do profissional]:</p>\r\n<p style=\"padding-left: 80px;\">- Pela presente comunico/comunicamos (*) que resolvo/resolvemos (*) do meu/nosso (*) contrato de compra e venda relativo ao seguinte bem/para a presta&ccedil;&atilde;o do seguinte servi&ccedil;o (*) &mdash; Solicitado em (*)/recebido em (*) &mdash;</p>\r\n<p style=\"padding-left: 40px;\">Nome do(s) consumidor(es) &mdash; Endere&ccedil;o do(s) consumidor(es) &mdash; Assinatura do(s) consumidor(es) (s&oacute; no caso de o presente formul&aacute;rio ser notificado em papel). (*) Riscar o que n&atilde;o interessa.</p>\r\n<p style=\"padding-left: 40px;\">A embalagem deve ser devolvida completa, tal como foi entregue e acompanhada de toda a documenta&ccedil;&atilde;o recebida, nomeadamente, os seguintes documentos: fatura de venda e o documento que comprova a rece&ccedil;&atilde;o do produto. A embalagem e os documentos indicados dever&atilde;o ser enviados gratuitamente para a seguinte morada:</p>\r\n<p style=\"padding-left: 40px;\">BlueBird</p>\r\n<p style=\"padding-left: 40px;\">Rua do Cas</p>\r\n<p style=\"padding-left: 40px;\">Se o Utilizador optar por outras formas de devolu&ccedil;&atilde;o, os respetivos custos com portes de envio ser&atilde;o da sua responsabilidade.</p>\r\n<p style=\"padding-left: 40px;\">7.2. Ap&oacute;s rece&ccedil;&atilde;o da devolu&ccedil;&atilde;o na BlueBird ser&aacute; devolvido ao Utilizador o valor correspondente ao valor pago pela encomenda (valor da fatura de venda). Caso tenha utilizado um c&oacute;digo de desconto promocional, esse valor n&atilde;o ser&aacute; restitu&iacute;do, ou seja, o reembolso ser&aacute; apenas pelo valor efetivamente pago.</p>\r\n<p style=\"padding-left: 40px;\">7.3. O m&eacute;todo de reembolso do valor a devolver depende do m&eacute;todo de pagamento utilizado na respetiva encomenda. No caso de pagamentos com cart&atilde;o de cr&eacute;dito e PayPal, estes s&atilde;o creditados nas respetivas contas. Nos restantes casos, quando &eacute; fornecida informa&ccedil;&atilde;o do NIB, o reembolso &eacute; feito para a conta banc&aacute;ria indicada. Caso contr&aacute;rio, o reembolso &eacute; realizado por cheque para a morada de fatura&ccedil;&atilde;o. O reembolso &eacute; efetuado at&eacute; 14 dias ap&oacute;s a rece&ccedil;&atilde;o da vontade de livre resolu&ccedil;&atilde;o e da rece&ccedil;&atilde;o da devolu&ccedil;&atilde;o do bem.</p>\r\n<p style=\"padding-left: 40px;\">7.4. Na falta de qualquer dos componentes do artigo vendido ou, caso qualquer deles n&atilde;o se encontre em excelente estado de conserva&ccedil;&atilde;o, n&atilde;o haver&aacute; lugar a qualquer reembolso do pre&ccedil;o ou dos portes, sendo o produto reenviado novamente para a morada de expedi&ccedil;&atilde;o inicial.</p>\r\n<p><strong>Defeito de fabrico</strong></p>\r\n<p style=\"padding-left: 40px;\">8.1. Em caso de \"defeito de fabrico\", ou seja, quando s&atilde;o detetadas avarias nos equipamentos que, em princ&iacute;pio, n&atilde;o se enquadrem no &acirc;mbito da respetiva garantia, o Utilizador dever&aacute; devolver o equipamento, juntamente com uma c&oacute;pia da fatura e o formul&aacute;rio &ldquo;Pedido de Troca /Devolu&ccedil;&atilde;o do Equipamento&rdquo; preenchido, no prazo m&aacute;ximo de 30 dias consecutivos a contar da data da fatura, para a seguinte morada:</p>\r\n<p style=\"padding-left: 40px;\">BlueBird</p>\r\n<p style=\"padding-left: 40px;\">Rua do Cas</p>\r\n<p style=\"padding-left: 40px;\">Se o Utilizador optar por outras formas de devolu&ccedil;&atilde;o, os respetivos custos com portes de envio ser&atilde;o da sua responsabilidade.</p>\r\n<p style=\"padding-left: 40px;\">8.2. Para que a troca do produto possa ser efetuada, dever&aacute; assegurar que a embalagem se encontra completa (caixa, manual de instru&ccedil;&otilde;es, certificado de garantia, terminal e acess&oacute;rios) contendo todos os componentes que o constituem, em excelente estado de conserva&ccedil;&atilde;o.</p>\r\n<p style=\"padding-left: 40px;\">8.3. Na falta de qualquer um dos elementos referidos anteriormente, ou caso algum dos componentes n&atilde;o se encontre em excelente estado de conserva&ccedil;&atilde;o, n&atilde;o haver&aacute; lugar a qualquer troca, sendo o produto reenviado novamente ao Utilizador.</p>\r\n<p style=\"padding-left: 40px;\">9.Garantia</p>\r\n<p style=\"padding-left: 40px;\">9.1. Todos os equipamentos dispon&iacute;veis na Site est&atilde;o devidamente certificados pelas entidades internacionais competentes.</p>\r\n<p style=\"padding-left: 40px;\">9.2. Os equipamentos e acess&oacute;rios possuem um per&iacute;odo de garantia definido pelo fabricante, que nos termos legais &eacute;, no m&iacute;nimo, de 2 (dois) anos. Este per&iacute;odo &eacute; considerado a partir da data da fatura do equipamento e s&oacute; pode ser exercido mediante apresenta&ccedil;&atilde;o do certificado de garantia e/ou comprovativo de compra (fatura) devidamente preenchidos.</p>\r\n<p style=\"padding-left: 40px;\">9.3. S&atilde;o considerados fora das condi&ccedil;&otilde;es de garantia os equipamentos que tenham ultrapassado o per&iacute;odo definido pelo fabricante ou apresentem defeitos causados por desgaste anormal, instala&ccedil;&atilde;o impr&oacute;pria, intemp&eacute;ries, descargas el&eacute;tricas, neglig&ecirc;ncia ou acidentes, mau manuseamento, infiltra&ccedil;&atilde;o de humidade/l&iacute;quidos, utiliza&ccedil;&atilde;o de acess&oacute;rios n&atilde;o originais e interven&ccedil;&otilde;es t&eacute;cnicas por pessoal n&atilde;o autorizado.</p>\r\n<p style=\"padding-left: 40px;\">9.4. Se o equipamento se avariar, e se estiver abrangido pela garantia, o Utilizador poder&aacute; dirigir-se com o mesmo, e respetivo comprovativo de compra e/ou garantia, a um centro de assist&ecirc;ncia t&eacute;cnica da marca.</p>\r\n<p style=\"padding-left: 40px;\">9.5. Os acess&oacute;rios abrangidos pela garantia, que se avariem, dever&atilde;o ser remetidos, com o respetivo comprovativo de compra e/ou garantia, para a seguinte morada:</p>\r\n<p style=\"padding-left: 40px;\">BlueBird</p>\r\n<p style=\"padding-left: 40px;\">Rua do Cas</p>\r\n<p style=\"padding-left: 40px;\">Se o Utilizador optar por outras formas de devolu&ccedil;&atilde;o, os respetivos custos com portes de envio ser&atilde;o da sua responsabilidade. O Utilizador deve solicitar sempre o Tal&atilde;o dos CTT que comprova o envio da encomenda.</p>\r\n<p style=\"padding-left: 40px;\">9.6. Se o equipamento se avariar e esta avaria n&atilde;o se encontre abrangida pela garantia, o Utilizador poder&aacute; dirigir-se com o mesmo, e respetivo comprovativo de compra, a um centro de assist&ecirc;ncia t&eacute;cnica da marca.</p>\r\n<p><strong>Propriedade Intelectual</strong></p>\r\n<p style=\"padding-left: 40px;\">10.1. A Site &eacute; um site registado e o Servi&ccedil;o prestado pelo pr&oacute;prio site &eacute; da responsabilidade da BlueBird.</p>\r\n<p style=\"padding-left: 40px;\">10.2. O Utilizador reconhece que o Servi&ccedil;o cont&eacute;m informa&ccedil;&atilde;o confidencial e est&aacute; protegido pelos direitos de autor e conexos, propriedade industrial e demais legisla&ccedil;&atilde;o aplic&aacute;vel.</p>\r\n<p style=\"padding-left: 40px;\">10.3. O Utilizador reconhece que qualquer conte&uacute;do que conste na publicidade, destaque, promo&ccedil;&atilde;o ou men&ccedil;&atilde;o de qualquer patrocinador ou anunciante est&aacute; protegido pelas leis relativas a direitos de autor e direitos conexos, pelas leis relativas a propriedade industrial e outras leis de prote&ccedil;&atilde;o de propriedade, pelo que qualquer utiliza&ccedil;&atilde;o desses conte&uacute;dos apenas poder&aacute; ocorrer ao abrigo de autoriza&ccedil;&atilde;o expressa dos respetivos titulares.</p>\r\n<p style=\"padding-left: 40px;\">10.4. O Utilizador compromete-se a respeitar na &iacute;ntegra os direitos a que se refere o n&uacute;mero anterior, designadamente abstendo-se de praticar quaisquer atos que possam violar a lei ou os referidos direitos, tais como a reprodu&ccedil;&atilde;o, a comercializa&ccedil;&atilde;o, a transmiss&atilde;o ou a coloca&ccedil;&atilde;o &agrave; disposi&ccedil;&atilde;o do p&uacute;blico desses conte&uacute;dos ou quaisquer outros atos n&atilde;o autorizados que tenham por objeto os mesmos conte&uacute;dos.</p>\r\n<p style=\"padding-left: 40px;\">11.Condi&ccedil;&otilde;es de Seguran&ccedil;a do Servi&ccedil;o</p>\r\n<p style=\"padding-left: 40px;\">11.1. O Utilizador compromete-se a observar todas as disposi&ccedil;&otilde;es legais aplic&aacute;veis, nomeadamente, a n&atilde;o praticar ou a fomentar a pr&aacute;tica de atos il&iacute;citos ou ofensivos dos bons costumes, tais como o envio indiscriminado de comunica&ccedil;&otilde;es n&atilde;o solicitadas (spamming) em viola&ccedil;&atilde;o do disposto na legisla&ccedil;&atilde;o aplic&aacute;vel ao tratamento de dados pessoais e &agrave;s comunica&ccedil;&otilde;es publicit&aacute;rias atrav&eacute;s de aparelhos de chamada autom&aacute;tica, devendo ainda observar as regras de utiliza&ccedil;&atilde;o do Servi&ccedil;o, sob pena de a BlueBird suspender ou desativar o Servi&ccedil;o nos termos previstos no ponto 14.</p>\r\n<p style=\"padding-left: 40px;\">11.2. O Utilizador expressamente reconhece e aceita que a Rede IP constitui uma rede p&uacute;blica de comunica&ccedil;&otilde;es eletr&oacute;nicas suscet&iacute;vel de utiliza&ccedil;&atilde;o por v&aacute;rios utilizadores, e como tal, sujeitas a sobrecargas inform&aacute;ticas, pelo que a BlueBird n&atilde;o garante a presta&ccedil;&atilde;o do Servi&ccedil;o sem interrup&ccedil;&otilde;es, perda de informa&ccedil;&atilde;o ou atrasos.</p>\r\n<p style=\"padding-left: 40px;\">11.3. A BlueBird n&atilde;o garante igualmente a presta&ccedil;&atilde;o do Servi&ccedil;o em situa&ccedil;&otilde;es de sobrecarga imprevis&iacute;vel dos sistemas em que o mesmo se suporta ou de for&ccedil;a maior (situa&ccedil;&otilde;es de natureza extraordin&aacute;ria ou imprevis&iacute;vel, exteriores &agrave; BlueBird e que pela mesma n&atilde;o possam ser controladas).</p>\r\n<p style=\"padding-left: 40px;\">11.4. Em caso de interrup&ccedil;&atilde;o da presta&ccedil;&atilde;o do Servi&ccedil;o por raz&otilde;es de sobrecarga imprevis&iacute;vel dos sistemas em que o mesmo se suporta, a BlueBird compromete-se a regularizar o seu funcionamento com a maior brevidade poss&iacute;vel.</p>\r\n<p><strong>Suspens&atilde;o e desativa&ccedil;&atilde;o do Servi&ccedil;o Site</strong></p>\r\n<p style=\"padding-left: 40px;\">12.1. Independentemente de qualquer comunica&ccedil;&atilde;o pr&eacute;via ou posterior, a BlueBird pode, em qualquer altura, e de acordo com o seu crit&eacute;rio exclusivo, descontinuar a disponibiliza&ccedil;&atilde;o do Servi&ccedil;o e ou parte do Servi&ccedil;o a um ou todos os Utilizadores.</p>\r\n<p style=\"padding-left: 40px;\">12.2. A BlueBird reserva-se ainda o direito de suspender ou fazer cessar imediatamente o acesso ao Servi&ccedil;o, nos seguintes casos:</p>\r\n<p style=\"padding-left: 40px;\">a) Quando o Utilizador n&atilde;o observe as condi&ccedil;&otilde;es de utiliza&ccedil;&atilde;o referidas no ponto 4 e outras referidas nas Condi&ccedil;&otilde;es Gerais;</p>\r\n<p style=\"padding-left: 40px;\">b) Quando a BlueBird cesse o acesso &agrave; Site, mediante comunica&ccedil;&atilde;o pr&eacute;via com uma anteced&ecirc;ncia de 15 dias sobre a data de cessa&ccedil;&atilde;o.</p>\r\n<p style=\"padding-left: 40px;\">12.3. A suspens&atilde;o ou a cessa&ccedil;&atilde;o do Servi&ccedil;o pela BlueBird, nos termos dos n&uacute;meros anteriores, n&atilde;o importa o direito do Utilizador ou terceiros a qualquer indemniza&ccedil;&atilde;o ou outra compensa&ccedil;&atilde;o, n&atilde;o podendo a BlueBird ser responsabilizada ou de alguma forma onerada, por qualquer consequ&ecirc;ncia resultante da suspens&atilde;o, anula&ccedil;&atilde;o, cancelamento do Servi&ccedil;o.</p>\r\n<p style=\"padding-left: 40px;\">12.4. Nas situa&ccedil;&otilde;es acima descritas, a BlueBird comunicar&aacute; ao Utilizador, previamente por forma a que este possa, querendo, salvaguardar o conte&uacute;do da sua &aacute;rea de visualiza&ccedil;&atilde;o de encomendas no prazo de 3 (tr&ecirc;s) dias &uacute;teis a contar do envio do e-mail ou disponibiliza&ccedil;&atilde;o da informa&ccedil;&atilde;o na p&aacute;gina principal do Servi&ccedil;o.</p>\r\n<p style=\"padding-left: 40px;\">13.Comunica&ccedil;&otilde;es</p>\r\n<p style=\"padding-left: 40px;\">13.1. Sem preju&iacute;zo de outras formas de comunica&ccedil;&atilde;o previstas nas presentes Condi&ccedil;&otilde;es Gerais, as notifica&ccedil;&otilde;es efetuadas ao Utilizador que se relacionem com o Servi&ccedil;o, incluindo eventuais altera&ccedil;&otilde;es &agrave;s presentes Condi&ccedil;&otilde;es Gerais, poder&atilde;o ser efetuadas para o endere&ccedil;o de correio eletr&oacute;nico do Utilizador, por SMS ou contacto telef&oacute;nico.</p>\r\n<p style=\"padding-left: 40px;\">13.2. O Utilizador aceita receber toda e qualquer comunica&ccedil;&atilde;o e/ou notifica&ccedil;&atilde;o relacionada com a Site Online, para a morada, telefone de contacto e ou endere&ccedil;o de correio eletr&oacute;nico (&ldquo;e-mail&rdquo;) indicados no processo de encomenda.</p>\r\n<p style=\"padding-left: 40px;\">Em qualquer momento, pode solicitar o n&atilde;o recebimento destas comunica&ccedil;&otilde;es e/ou notifica&ccedil;&otilde;es atrav&eacute;s do Formul&aacute;rio de Contacto ou atrav&eacute;s da op&ccedil;&atilde;o da op&ccedil;&atilde;o &ldquo;N&atilde;o receber a Newsletter&rdquo; inscrita em cada Newsletter.</p>\r\n<p><strong>Configura&ccedil;&otilde;es T&eacute;cnicas</strong></p>\r\n<p style=\"padding-left: 40px;\">14.1. Sem preju&iacute;zo do disposto no n&uacute;mero seguinte, a BlueBird poder&aacute; alterar o Servi&ccedil;o e/ou as condi&ccedil;&otilde;es t&eacute;cnicas de presta&ccedil;&atilde;o do mesmo, bem como as respetivas regras de utiliza&ccedil;&atilde;o, devendo divulgar ao Utilizador tais altera&ccedil;&otilde;es com uma anteced&ecirc;ncia m&iacute;nima de 15 (quinze) dias.</p>\r\n<p style=\"padding-left: 40px;\">14.2. A vers&atilde;o em cada momento em vigor das presentes Condi&ccedil;&otilde;es Gerais e dos seus anexos encontra-se dispon&iacute;vel no s&iacute;tio eletr&oacute;nico [INDICAR ENDERE&Ccedil;O DA EMPRESA]</p>\r\n<p style=\"padding-left: 40px;\">15.Comunica&ccedil;&otilde;es</p>\r\n<p style=\"padding-left: 40px;\">15.1. Sempre que a BlueBird entenda necess&aacute;rio ou conveniente otimizar a experi&ecirc;ncia de navega&ccedil;&atilde;o e/ou melhorar as condi&ccedil;&otilde;es de conectividade, a mesma poder&aacute; reformular remotamente as configura&ccedil;&otilde;es de rede.</p>\r\n<p style=\"padding-left: 40px;\">15.2. Sem preju&iacute;zo do disposto nos n&uacute;meros seguintes, e atento o car&aacute;cter inovador do Servi&ccedil;o e as evolu&ccedil;&otilde;es tecnol&oacute;gicas a que poder&aacute; estar sujeito, a BlueBird poder&aacute; alterar as configura&ccedil;&otilde;es t&eacute;cnicas do mesmo sempre que tal se revele conveniente para o adaptar a eventuais desenvolvimentos tecnol&oacute;gicos.</p>\r\n<p style=\"padding-left: 40px;\">15.3. A BlueBird n&atilde;o garante no entanto ao Utilizador a realiza&ccedil;&atilde;o de quaisquer upgrades ou melhorias no Servi&ccedil;o.</p>\r\n<p style=\"padding-left: 40px;\">15.4. Algumas upgrades ou novas funcionalidades do Servi&ccedil;o poder&atilde;o estar dispon&iacute;veis apenas contra pagamento do Utilizador e/ou subscri&ccedil;&atilde;o, pelo mesmo, de Condi&ccedil;&otilde;es Espec&iacute;ficas de utiliza&ccedil;&atilde;o.</p>\r\n<p><strong>Reclama&ccedil;&otilde;es</strong></p>\r\n<p style=\"padding-left: 40px;\">16.1. O Utilizador pode submeter quaisquer conflitos contratuais, aos mecanismos de arbitragem e media&ccedil;&atilde;o que se encontrem ou venham a ser legalmente constitu&iacute;dos, bem como reclamar junto da BlueBird de atos e omiss&otilde;es que violem as disposi&ccedil;&otilde;es legais aplic&aacute;veis &agrave; aquisi&ccedil;&atilde;o de bens.</p>\r\n<p style=\"padding-left: 40px;\">16.2. A reclama&ccedil;&atilde;o dever&aacute; ser apresentada no prazo m&aacute;ximo de 30 (trinta) dias, contados a partir do conhecimento dos factos pelo Utilizador, sendo registada nos sistemas de informa&ccedil;&atilde;o da BlueBird que dever&aacute; decidir a reclama&ccedil;&atilde;o e notificar o interessado no prazo m&aacute;ximo de 30 (trinta) dias, a contar da data da sua rece&ccedil;&atilde;o.</p>', '<iframe src=\"https://www.google.com/maps/embed?pb=!1m18!1m12!1m3!1d3113.913517077246!2d-9.422777684354163!3d38.69683077960212!2m3!1f0!2f0!3f0!3m2!1i1024!2i768!4f13.1!3m3!1m2!1s0xd1ec42f25e70e01%3A0x2de3baecd923a03b!2sC%C3%A2mara%20Municipal%20de%20Cascais!5e0!3m2!1spt-PT!2spt!4v1629563985704!5m2!1spt-PT!2spt\" width=\"600\" height=\"450\" style=\"border:0;\" allowfullscreen=\"\" loading=\"lazy\"></iframe>', 4, 51, 634, 'Rua da vila n118', '123456789');

--
-- Índices para tabelas despejadas
--

--
-- Índices para tabela `alimentar_recomendada`
--
ALTER TABLE `alimentar_recomendada`
  ADD PRIMARY KEY (`aliment_rec_id`);

--
-- Índices para tabela `ave`
--
ALTER TABLE `ave`
  ADD PRIMARY KEY (`ave_id`);

--
-- Índices para tabela `banner`
--
ALTER TABLE `banner`
  ADD PRIMARY KEY (`ban_id`);

--
-- Índices para tabela `concelhos`
--
ALTER TABLE `concelhos`
  ADD PRIMARY KEY (`concelhoid`);

--
-- Índices para tabela `distritos`
--
ALTER TABLE `distritos`
  ADD PRIMARY KEY (`distritosid`);

--
-- Índices para tabela `doenca`
--
ALTER TABLE `doenca`
  ADD PRIMARY KEY (`doenca_id`);

--
-- Índices para tabela `especie`
--
ALTER TABLE `especie`
  ADD PRIMARY KEY (`esp_id`);

--
-- Índices para tabela `faqs`
--
ALTER TABLE `faqs`
  ADD PRIMARY KEY (`faq_id`);

--
-- Índices para tabela `freguesias`
--
ALTER TABLE `freguesias`
  ADD PRIMARY KEY (`freguesiaid`);

--
-- Índices para tabela `login`
--
ALTER TABLE `login`
  ADD PRIMARY KEY (`log_id`);

--
-- Índices para tabela `messages`
--
ALTER TABLE `messages`
  ADD PRIMARY KEY (`msg_id`);

--
-- Índices para tabela `mutacao`
--
ALTER TABLE `mutacao`
  ADD PRIMARY KEY (`mut_id`);

--
-- Índices para tabela `sociedade`
--
ALTER TABLE `sociedade`
  ADD PRIMARY KEY (`soc_id`);

--
-- Índices para tabela `utilizador`
--
ALTER TABLE `utilizador`
  ADD PRIMARY KEY (`uti_id`);

--
-- Índices para tabela `variedade`
--
ALTER TABLE `variedade`
  ADD PRIMARY KEY (`var_id`);

--
-- Índices para tabela `webdados`
--
ALTER TABLE `webdados`
  ADD PRIMARY KEY (`wb_id`);

--
-- AUTO_INCREMENT de tabelas despejadas
--

--
-- AUTO_INCREMENT de tabela `alimentar_recomendada`
--
ALTER TABLE `alimentar_recomendada`
  MODIFY `aliment_rec_id` int(11) NOT NULL AUTO_INCREMENT, AUTO_INCREMENT=21;

--
-- AUTO_INCREMENT de tabela `ave`
--
ALTER TABLE `ave`
  MODIFY `ave_id` int(11) NOT NULL AUTO_INCREMENT, AUTO_INCREMENT=29;

--
-- AUTO_INCREMENT de tabela `banner`
--
ALTER TABLE `banner`
  MODIFY `ban_id` int(11) NOT NULL AUTO_INCREMENT, AUTO_INCREMENT=4;

--
-- AUTO_INCREMENT de tabela `concelhos`
--
ALTER TABLE `concelhos`
  MODIFY `concelhoid` int(11) NOT NULL AUTO_INCREMENT, AUTO_INCREMENT=309;

--
-- AUTO_INCREMENT de tabela `distritos`
--
ALTER TABLE `distritos`
  MODIFY `distritosid` int(11) NOT NULL AUTO_INCREMENT, AUTO_INCREMENT=30;

--
-- AUTO_INCREMENT de tabela `doenca`
--
ALTER TABLE `doenca`
  MODIFY `doenca_id` int(11) NOT NULL AUTO_INCREMENT, AUTO_INCREMENT=20;

--
-- AUTO_INCREMENT de tabela `especie`
--
ALTER TABLE `especie`
  MODIFY `esp_id` int(11) NOT NULL AUTO_INCREMENT, AUTO_INCREMENT=13;

--
-- AUTO_INCREMENT de tabela `faqs`
--
ALTER TABLE `faqs`
  MODIFY `faq_id` int(11) NOT NULL AUTO_INCREMENT, AUTO_INCREMENT=17;

--
-- AUTO_INCREMENT de tabela `freguesias`
--
ALTER TABLE `freguesias`
  MODIFY `freguesiaid` int(11) NOT NULL AUTO_INCREMENT, AUTO_INCREMENT=3092;

--
-- AUTO_INCREMENT de tabela `login`
--
ALTER TABLE `login`
  MODIFY `log_id` int(11) NOT NULL AUTO_INCREMENT, AUTO_INCREMENT=7;

--
-- AUTO_INCREMENT de tabela `messages`
--
ALTER TABLE `messages`
  MODIFY `msg_id` int(11) NOT NULL AUTO_INCREMENT, AUTO_INCREMENT=43;

--
-- AUTO_INCREMENT de tabela `mutacao`
--
ALTER TABLE `mutacao`
  MODIFY `mut_id` int(11) NOT NULL AUTO_INCREMENT, AUTO_INCREMENT=99;

--
-- AUTO_INCREMENT de tabela `sociedade`
--
ALTER TABLE `sociedade`
  MODIFY `soc_id` int(11) NOT NULL AUTO_INCREMENT, AUTO_INCREMENT=57;

--
-- AUTO_INCREMENT de tabela `utilizador`
--
ALTER TABLE `utilizador`
  MODIFY `uti_id` int(11) NOT NULL AUTO_INCREMENT, AUTO_INCREMENT=7;

--
-- AUTO_INCREMENT de tabela `variedade`
--
ALTER TABLE `variedade`
  MODIFY `var_id` int(11) NOT NULL AUTO_INCREMENT, AUTO_INCREMENT=26;

--
-- AUTO_INCREMENT de tabela `webdados`
--
ALTER TABLE `webdados`
  MODIFY `wb_id` int(11) NOT NULL AUTO_INCREMENT, AUTO_INCREMENT=3;
COMMIT;

/*!40101 SET CHARACTER_SET_CLIENT=@OLD_CHARACTER_SET_CLIENT */;
/*!40101 SET CHARACTER_SET_RESULTS=@OLD_CHARACTER_SET_RESULTS */;
/*!40101 SET COLLATION_CONNECTION=@OLD_COLLATION_CONNECTION */;
